Portugal,2018-03-28 00:00:00,5204,5170
Portugal,2018-03-28 01:00:00,5012,4958
Portugal,2018-03-28 02:00:00,4897,4743
Portugal,2018-03-28 03:00:00,4869,4757
Portugal,2018-03-28 04:00:00,5015,4850
Portugal,2018-03-28 05:00:00,5383,5176
Portugal,2018-03-28 06:00:00,6101,5655
Portugal,2018-03-28 07:00:00,6850,6443
Portugal,2018-03-28 08:00:00,7133,6772
Portugal,2018-03-28 09:00:00,7227,6896
Portugal,2018-03-28 10:00:00,7252,7027
Portugal,2018-03-28 11:00:00,7018,6839
Portugal,2018-03-28 12:00:00,6987,6709
Portugal,2018-03-28 13:00:00,6990,6810
Portugal,2018-03-28 14:00:00,6781,6765
Portugal,2018-03-28 15:00:00,6583,6747
Portugal,2018-03-28 16:00:00,6375,6682
Portugal,2018-03-28 17:00:00,6353,6637
Portugal,2018-03-28 18:00:00,6753,6918
Portugal,2018-03-28 19:00:00,7241,7417
Portugal,2018-03-28 20:00:00,7094,7130
Portugal,2018-03-28 21:00:00,6842,6654
Portugal,2018-03-28 22:00:00,6019,6076
Portugal,2018-03-28 23:00:00,5679,5567
Portugal,2018-03-29 00:00:00,5316,5206
Portugal,2018-03-29 01:00:00,5119,4988
Portugal,2018-03-29 02:00:00,4957,4789
Portugal,2018-03-29 03:00:00,4973,4829
Portugal,2018-03-29 04:00:00,5003,4881
Portugal,2018-03-29 05:00:00,5252,5181
Portugal,2018-03-29 06:00:00,5671,5620
Portugal,2018-03-29 07:00:00,6499,6539
Portugal,2018-03-29 08:00:00,6896,6958
Portugal,2018-03-29 09:00:00,6953,7017
Portugal,2018-03-29 10:00:00,6961,7148
Portugal,2018-03-29 11:00:00,6726,6987
Portugal,2018-03-29 12:00:00,6686,6777
Portugal,2018-03-29 13:00:00,6681,6775
Portugal,2018-03-29 14:00:00,6444,6737
Portugal,2018-03-29 15:00:00,6240,6694
Portugal,2018-03-29 16:00:00,6046,6584
Portugal,2018-03-29 17:00:00,6033,6641
Portugal,2018-03-29 18:00:00,6434,6962
Portugal,2018-03-29 19:00:00,6937,7423
Portugal,2018-03-29 20:00:00,6878,7222
Portugal,2018-03-29 21:00:00,6626,6766
Portugal,2018-03-29 22:00:00,5962,6140
Portugal,2018-03-29 23:00:00,5196,5605
Portugal,2018-03-30 00:00:00,4919,5147
Portugal,2018-03-30 01:00:00,4756,4866
Portugal,2018-03-30 02:00:00,4629,4728
Portugal,2018-03-30 03:00:00,4540,4590
Portugal,2018-03-30 04:00:00,4501,4501
Portugal,2018-03-30 05:00:00,4428,4644
Portugal,2018-03-30 06:00:00,4498,4668
Portugal,2018-03-30 07:00:00,4847,5011
Portugal,2018-03-30 08:00:00,5204,5414
Portugal,2018-03-30 09:00:00,5432,5684
Portugal,2018-03-30 10:00:00,5587,5929
Portugal,2018-03-30 11:00:00,5634,6071
Portugal,2018-03-30 12:00:00,5545,6013
Portugal,2018-03-30 13:00:00,5468,5963
Portugal,2018-03-30 14:00:00,5351,5911
Portugal,2018-03-30 15:00:00,5275,5770
Portugal,2018-03-30 16:00:00,5256,5795
Portugal,2018-03-30 17:00:00,5335,5900
Portugal,2018-03-30 18:00:00,5586,6219
Portugal,2018-03-30 19:00:00,5985,6841
Portugal,2018-03-30 20:00:00,5909,6667
Portugal,2018-03-30 21:00:00,5704,6254
Portugal,2018-03-30 22:00:00,5523,5784
Portugal,2018-03-30 23:00:00,4911,5278
Portugal,2018-03-31 00:00:00,4647,4877
Portugal,2018-03-31 01:00:00,4481,4638
Portugal,2018-03-31 02:00:00,4368,4501
Portugal,2018-03-31 03:00:00,4323,4384
Portugal,2018-03-31 04:00:00,4338,4410
Portugal,2018-03-31 05:00:00,4310,4448
Portugal,2018-03-31 06:00:00,4377,4454
Portugal,2018-03-31 07:00:00,4741,4822
Portugal,2018-03-31 08:00:00,5107,5238
Portugal,2018-03-31 09:00:00,5304,5468
Portugal,2018-03-31 10:00:00,5457,5574
Portugal,2018-03-31 11:00:00,5515,5620
Portugal,2018-03-31 12:00:00,5434,5541
Portugal,2018-03-31 13:00:00,5407,5477
Portugal,2018-03-31 14:00:00,5327,5380
Portugal,2018-03-31 15:00:00,5209,5278
Portugal,2018-03-31 16:00:00,5151,5310
Portugal,2018-03-31 17:00:00,5248,5458
Portugal,2018-03-31 18:00:00,5464,5801
Portugal,2018-03-31 19:00:00,5863,6412
Portugal,2018-03-31 20:00:00,5716,6244
Portugal,2018-03-31 21:00:00,5407,5894
Portugal,2018-03-31 22:00:00,5029,5421
Portugal,2018-03-31 23:00:00,4654,4902
Portugal,2018-04-01 00:00:00,4349,4444
Portugal,2018-04-01 01:00:00,4162,4175
Portugal,2018-04-01 02:00:00,4031,4029
Portugal,2018-04-01 03:00:00,3983,3956
Portugal,2018-04-01 04:00:00,3995,3940
Portugal,2018-04-01 05:00:00,3888,3974
Portugal,2018-04-01 06:00:00,3920,3925
Portugal,2018-04-01 07:00:00,4323,4299
Portugal,2018-04-01 08:00:00,4790,4788
Portugal,2018-04-01 09:00:00,5175,5227
Portugal,2018-04-01 10:00:00,5378,5481
Portugal,2018-04-01 11:00:00,5229,5343
Portugal,2018-04-01 12:00:00,4780,4792
Portugal,2018-04-01 13:00:00,4557,4432
Portugal,2018-04-01 14:00:00,4497,4333
Portugal,2018-04-01 15:00:00,4437,4263
Portugal,2018-04-01 16:00:00,4413,4288
Portugal,2018-04-01 17:00:00,4477,4435
Portugal,2018-04-01 18:00:00,4708,4805
Portugal,2018-04-01 19:00:00,5233,5514
Portugal,2018-04-01 20:00:00,5354,5552
Portugal,2018-04-01 21:00:00,5215,5328
Portugal,2018-04-01 22:00:00,5698,4944
Portugal,2018-04-01 23:00:00,5093,4710
Portugal,2018-04-02 00:00:00,4758,4407
Portugal,2018-04-02 01:00:00,4750,4252
Portugal,2018-04-02 02:00:00,4754,4152
Portugal,2018-04-02 03:00:00,4767,4113
Portugal,2018-04-02 04:00:00,4967,4180
Portugal,2018-04-02 05:00:00,5387,4405
Portugal,2018-04-02 06:00:00,6069,4677
Portugal,2018-04-02 07:00:00,6887,5302
Portugal,2018-04-02 08:00:00,7351,5767
Portugal,2018-04-02 09:00:00,7489,6021
Portugal,2018-04-02 10:00:00,7568,6188
Portugal,2018-04-02 11:00:00,7348,6230
Portugal,2018-04-02 12:00:00,7345,6049
Portugal,2018-04-02 13:00:00,7342,5973
Portugal,2018-04-02 14:00:00,7137,5955
Portugal,2018-04-02 15:00:00,6877,5954
Portugal,2018-04-02 16:00:00,6653,5940
Portugal,2018-04-02 17:00:00,6620,6013
Portugal,2018-04-02 18:00:00,6996,6368
Portugal,2018-04-02 19:00:00,7436,6874
Portugal,2018-04-02 20:00:00,7245,6686
Portugal,2018-04-02 21:00:00,6954,6284
Portugal,2018-04-02 22:00:00,5598,5683
Portugal,2018-04-02 23:00:00,5093,5231
Portugal,2018-04-03 00:00:00,4758,4862
Portugal,2018-04-03 01:00:00,4750,4669
Portugal,2018-04-03 02:00:00,4754,4584
Portugal,2018-04-03 03:00:00,4767,4556
Portugal,2018-04-03 04:00:00,4967,4712
Portugal,2018-04-03 05:00:00,5387,5052
Portugal,2018-04-03 06:00:00,6069,5463
Portugal,2018-04-03 07:00:00,6887,6345
Portugal,2018-04-03 08:00:00,7351,6812
Portugal,2018-04-03 09:00:00,7489,6978
Portugal,2018-04-03 10:00:00,7568,7117
Portugal,2018-04-03 11:00:00,7348,6985
Portugal,2018-04-03 12:00:00,7345,6802
Portugal,2018-04-03 13:00:00,7342,6996
Portugal,2018-04-03 14:00:00,7137,6970
Portugal,2018-04-03 15:00:00,6877,6950
Portugal,2018-04-03 16:00:00,6653,6811
Portugal,2018-04-03 17:00:00,6620,6691
Portugal,2018-04-03 18:00:00,6996,7022
Portugal,2018-04-03 19:00:00,7436,7530
Portugal,2018-04-03 20:00:00,7245,7283
Portugal,2018-04-03 21:00:00,6954,6769
Portugal,2018-04-03 22:00:00,5598,6128
Portugal,2018-04-03 23:00:00,5497,5574
Portugal,2018-04-04 00:00:00,5163,5221
Portugal,2018-04-04 01:00:00,4942,5033
Portugal,2018-04-04 02:00:00,4789,4927
Portugal,2018-04-04 03:00:00,4812,4884
Portugal,2018-04-04 04:00:00,4922,4972
Portugal,2018-04-04 05:00:00,5288,5265
Portugal,2018-04-04 06:00:00,5810,5672
Portugal,2018-04-04 07:00:00,6508,6537
Portugal,2018-04-04 08:00:00,6797,6934
Portugal,2018-04-04 09:00:00,6932,7070
Portugal,2018-04-04 10:00:00,7016,7177
Portugal,2018-04-04 11:00:00,6821,6984
Portugal,2018-04-04 12:00:00,6763,6812
Portugal,2018-04-04 13:00:00,6822,6966
Portugal,2018-04-04 14:00:00,6780,6909
Portugal,2018-04-04 15:00:00,6761,6867
Portugal,2018-04-04 16:00:00,6689,6668
Portugal,2018-04-04 17:00:00,6669,6585
Portugal,2018-04-04 18:00:00,7017,6825
Portugal,2018-04-04 19:00:00,7368,7340
Portugal,2018-04-04 20:00:00,7098,7195
Portugal,2018-04-04 21:00:00,6737,6705
Portugal,2018-04-04 22:00:00,6038,6094
Portugal,2018-04-04 23:00:00,5519,5570
Portugal,2018-04-05 00:00:00,5195,5187
Portugal,2018-04-05 01:00:00,5171,4967
Portugal,2018-04-05 02:00:00,5027,4857
Portugal,2018-04-05 03:00:00,4896,4845
Portugal,2018-04-05 04:00:00,4956,4888
Portugal,2018-04-05 05:00:00,5113,5173
Portugal,2018-04-05 06:00:00,5550,5614
Portugal,2018-04-05 07:00:00,6387,6448
Portugal,2018-04-05 08:00:00,6907,6738
Portugal,2018-04-05 09:00:00,7091,6804
Portugal,2018-04-05 10:00:00,7237,6876
Portugal,2018-04-05 11:00:00,7086,6707
Portugal,2018-04-05 12:00:00,6976,6564
Portugal,2018-04-05 13:00:00,7046,6708
Portugal,2018-04-05 14:00:00,6983,6656
Portugal,2018-04-05 15:00:00,6937,6585
Portugal,2018-04-05 16:00:00,6842,6419
Portugal,2018-04-05 17:00:00,6764,6313
Portugal,2018-04-05 18:00:00,7034,6557
Portugal,2018-04-05 19:00:00,7590,7185
Portugal,2018-04-05 20:00:00,7487,6998
Portugal,2018-04-05 21:00:00,7107,6529
Portugal,2018-04-05 22:00:00,6261,5912
Portugal,2018-04-05 23:00:00,5559,5497
Portugal,2018-04-06 00:00:00,5235,5170
Portugal,2018-04-06 01:00:00,5045,4987
Portugal,2018-04-06 02:00:00,4955,4856
Portugal,2018-04-06 03:00:00,4921,4836
Portugal,2018-04-06 04:00:00,5041,4884
Portugal,2018-04-06 05:00:00,5354,5184
Portugal,2018-04-06 06:00:00,5825,5623
Portugal,2018-04-06 07:00:00,6605,6556
Portugal,2018-04-06 08:00:00,6960,6956
Portugal,2018-04-06 09:00:00,7100,7011
Portugal,2018-04-06 10:00:00,7171,7194
Portugal,2018-04-06 11:00:00,6970,7123
Portugal,2018-04-06 12:00:00,6890,7082
Portugal,2018-04-06 13:00:00,6980,7324
Portugal,2018-04-06 14:00:00,6938,7318
Portugal,2018-04-06 15:00:00,6848,7215
Portugal,2018-04-06 16:00:00,6661,7033
Portugal,2018-04-06 17:00:00,6624,6891
Portugal,2018-04-06 18:00:00,6897,6953
Portugal,2018-04-06 19:00:00,7299,7363
Portugal,2018-04-06 20:00:00,7121,7204
Portugal,2018-04-06 21:00:00,6752,6665
Portugal,2018-04-06 22:00:00,6115,6126
Portugal,2018-04-06 23:00:00,5445,5560
Portugal,2018-04-07 00:00:00,5074,5200
Portugal,2018-04-07 01:00:00,4823,4942
Portugal,2018-04-07 02:00:00,4664,4814
Portugal,2018-04-07 03:00:00,4587,4736
Portugal,2018-04-07 04:00:00,4601,4716
Portugal,2018-04-07 05:00:00,4629,4748
Portugal,2018-04-07 06:00:00,4679,4797
Portugal,2018-04-07 07:00:00,5074,5259
Portugal,2018-04-07 08:00:00,5451,5664
Portugal,2018-04-07 09:00:00,5662,5891
Portugal,2018-04-07 10:00:00,5765,6038
Portugal,2018-04-07 11:00:00,5789,6104
Portugal,2018-04-07 12:00:00,5688,6029
Portugal,2018-04-07 13:00:00,5651,5948
Portugal,2018-04-07 14:00:00,5552,5870
Portugal,2018-04-07 15:00:00,5466,5715
Portugal,2018-04-07 16:00:00,5520,5692
Portugal,2018-04-07 17:00:00,5683,5804
Portugal,2018-04-07 18:00:00,6175,6092
Portugal,2018-04-07 19:00:00,6687,6637
Portugal,2018-04-07 20:00:00,6508,6474
Portugal,2018-04-07 21:00:00,6186,6081
Portugal,2018-04-07 22:00:00,5488,5661
Portugal,2018-04-07 23:00:00,5271,5135
Portugal,2018-04-08 00:00:00,4933,4781
Portugal,2018-04-08 01:00:00,4758,4520
Portugal,2018-04-08 02:00:00,4656,4410
Portugal,2018-04-08 03:00:00,4586,4359
Portugal,2018-04-08 04:00:00,4586,4340
Portugal,2018-04-08 05:00:00,4571,4349
Portugal,2018-04-08 06:00:00,4521,4264
Portugal,2018-04-08 07:00:00,4856,4587
Portugal,2018-04-08 08:00:00,5278,4941
Portugal,2018-04-08 09:00:00,5627,5337
Portugal,2018-04-08 10:00:00,5848,5610
Portugal,2018-04-08 11:00:00,5877,5722
Portugal,2018-04-08 12:00:00,5642,5579
Portugal,2018-04-08 13:00:00,5419,5455
Portugal,2018-04-08 14:00:00,5267,5415
Portugal,2018-04-08 15:00:00,5094,5448
Portugal,2018-04-08 16:00:00,5072,5577
Portugal,2018-04-08 17:00:00,5223,5767
Portugal,2018-04-08 18:00:00,5674,6055
Portugal,2018-04-08 19:00:00,6360,6655
Portugal,2018-04-08 20:00:00,6382,6569
Portugal,2018-04-08 21:00:00,6204,6162
Portugal,2018-04-08 22:00:00,5685,5659
Portugal,2018-04-08 23:00:00,5270,5207
Portugal,2018-04-09 00:00:00,4918,4828
Portugal,2018-04-09 01:00:00,4753,4630
Portugal,2018-04-09 02:00:00,4654,4557
Portugal,2018-04-09 03:00:00,4673,4552
Portugal,2018-04-09 04:00:00,4847,4649
Portugal,2018-04-09 05:00:00,5202,4992
Portugal,2018-04-09 06:00:00,5684,5665
Portugal,2018-04-09 07:00:00,6500,6594
Portugal,2018-04-09 08:00:00,6921,7039
Portugal,2018-04-09 09:00:00,7090,7176
Portugal,2018-04-09 10:00:00,7190,7286
Portugal,2018-04-09 11:00:00,7026,7070
Portugal,2018-04-09 12:00:00,6955,6937
Portugal,2018-04-09 13:00:00,7091,7121
Portugal,2018-04-09 14:00:00,7059,7053
Portugal,2018-04-09 15:00:00,7015,7010
Portugal,2018-04-09 16:00:00,6895,6837
Portugal,2018-04-09 17:00:00,6850,6805
Portugal,2018-04-09 18:00:00,7192,7107
Portugal,2018-04-09 19:00:00,7555,7613
Portugal,2018-04-09 20:00:00,7322,7500
Portugal,2018-04-09 21:00:00,6941,6988
Portugal,2018-04-09 22:00:00,6092,6275
Portugal,2018-04-09 23:00:00,5576,5713
Portugal,2018-04-10 00:00:00,5251,5340
Portugal,2018-04-10 01:00:00,5062,5134
Portugal,2018-04-10 02:00:00,4973,5043
Portugal,2018-04-10 03:00:00,4939,5032
Portugal,2018-04-10 04:00:00,5058,5118
Portugal,2018-04-10 05:00:00,5419,5367
Portugal,2018-04-10 06:00:00,6006,5935
Portugal,2018-04-10 07:00:00,6718,6800
Portugal,2018-04-10 08:00:00,6973,7163
Portugal,2018-04-10 09:00:00,7109,7325
Portugal,2018-04-10 10:00:00,7174,7490
Portugal,2018-04-10 11:00:00,6983,7301
Portugal,2018-04-10 12:00:00,6905,7235
Portugal,2018-04-10 13:00:00,6941,7355
Portugal,2018-04-10 14:00:00,6909,7248
Portugal,2018-04-10 15:00:00,6865,7221
Portugal,2018-04-10 16:00:00,6745,7099
Portugal,2018-04-10 17:00:00,6700,7126
Portugal,2018-04-10 18:00:00,7042,7376
Portugal,2018-04-10 19:00:00,7405,7802
Portugal,2018-04-10 20:00:00,7172,7666
Portugal,2018-04-10 21:00:00,6791,7089
Portugal,2018-04-10 22:00:00,6092,6364
Portugal,2018-04-10 23:00:00,5704,5742
Portugal,2018-04-11 00:00:00,5383,5314
Portugal,2018-04-11 01:00:00,5182,5070
Portugal,2018-04-11 02:00:00,5117,4978
Portugal,2018-04-11 03:00:00,5076,4971
Portugal,2018-04-11 04:00:00,5198,5060
Portugal,2018-04-11 05:00:00,5608,5367
Portugal,2018-04-11 06:00:00,6184,5990
Portugal,2018-04-11 07:00:00,6827,6840
Portugal,2018-04-11 08:00:00,7215,7190
Portugal,2018-04-11 09:00:00,7317,7252
Portugal,2018-04-11 10:00:00,7372,7330
Portugal,2018-04-11 11:00:00,7204,7210
Portugal,2018-04-11 12:00:00,7120,7107
Portugal,2018-04-11 13:00:00,7196,7229
Portugal,2018-04-11 14:00:00,7163,7167
Portugal,2018-04-11 15:00:00,7113,7101
Portugal,2018-04-11 16:00:00,6937,6986
Portugal,2018-04-11 17:00:00,6875,7004
Portugal,2018-04-11 18:00:00,7194,7335
Portugal,2018-04-11 19:00:00,7579,7803
Portugal,2018-04-11 20:00:00,7437,7650
Portugal,2018-04-11 21:00:00,7165,7108
Portugal,2018-04-11 22:00:00,6151,6326
Portugal,2018-04-11 23:00:00,5687,5677
Portugal,2018-04-12 00:00:00,5350,5313
Portugal,2018-04-12 01:00:00,5145,5128
Portugal,2018-04-12 02:00:00,5087,4978
Portugal,2018-04-12 03:00:00,5094,4939
Portugal,2018-04-12 04:00:00,5199,5045
Portugal,2018-04-12 05:00:00,5531,5363
Portugal,2018-04-12 06:00:00,6095,6009
Portugal,2018-04-12 07:00:00,6849,6903
Portugal,2018-04-12 08:00:00,7175,7338
Portugal,2018-04-12 09:00:00,7352,7509
Portugal,2018-04-12 10:00:00,7486,7711
Portugal,2018-04-12 11:00:00,7314,7472
Portugal,2018-04-12 12:00:00,7299,7319
Portugal,2018-04-12 13:00:00,7381,7423
Portugal,2018-04-12 14:00:00,7288,7419
Portugal,2018-04-12 15:00:00,7227,7404
Portugal,2018-04-12 16:00:00,7125,7188
Portugal,2018-04-12 17:00:00,7164,7119
Portugal,2018-04-12 18:00:00,7459,7410
Portugal,2018-04-12 19:00:00,7779,7842
Portugal,2018-04-12 20:00:00,7572,7714
Portugal,2018-04-12 21:00:00,7156,7180
Portugal,2018-04-12 22:00:00,6218,6356
Portugal,2018-04-12 23:00:00,5706,5738
Portugal,2018-04-13 00:00:00,5354,5328
Portugal,2018-04-13 01:00:00,5170,5086
Portugal,2018-04-13 02:00:00,5087,4975
Portugal,2018-04-13 03:00:00,5083,4952
Portugal,2018-04-13 04:00:00,5185,5040
Portugal,2018-04-13 05:00:00,5491,5325
Portugal,2018-04-13 06:00:00,6086,5938
Portugal,2018-04-13 07:00:00,6840,6872
Portugal,2018-04-13 08:00:00,7165,7149
Portugal,2018-04-13 09:00:00,7345,7098
Portugal,2018-04-13 10:00:00,7477,7155
Portugal,2018-04-13 11:00:00,7298,6936
Portugal,2018-04-13 12:00:00,7290,6863
Portugal,2018-04-13 13:00:00,7373,7090
Portugal,2018-04-13 14:00:00,7279,6990
Portugal,2018-04-13 15:00:00,7214,6825
Portugal,2018-04-13 16:00:00,7060,6612
Portugal,2018-04-13 17:00:00,7035,6572
Portugal,2018-04-13 18:00:00,7329,6823
Portugal,2018-04-13 19:00:00,7643,7305
Portugal,2018-04-13 20:00:00,7431,7230
Portugal,2018-04-13 21:00:00,7049,6780
Portugal,2018-04-13 22:00:00,5961,6184
Portugal,2018-04-13 23:00:00,5509,5581
Portugal,2018-04-14 00:00:00,5154,5200
Portugal,2018-04-14 01:00:00,4929,4941
Portugal,2018-04-14 02:00:00,4803,4815
Portugal,2018-04-14 03:00:00,4736,4735
Portugal,2018-04-14 04:00:00,4732,4717
Portugal,2018-04-14 05:00:00,4737,4725
Portugal,2018-04-14 06:00:00,4856,4791
Portugal,2018-04-14 07:00:00,5311,5288
Portugal,2018-04-14 08:00:00,5679,5679
Portugal,2018-04-14 09:00:00,5886,5890
Portugal,2018-04-14 10:00:00,6035,5999
Portugal,2018-04-14 11:00:00,6062,6001
Portugal,2018-04-14 12:00:00,5982,5817
Portugal,2018-04-14 13:00:00,5932,5698
Portugal,2018-04-14 14:00:00,5832,5550
Portugal,2018-04-14 15:00:00,5699,5430
Portugal,2018-04-14 16:00:00,5684,5393
Portugal,2018-04-14 17:00:00,5812,5592
Portugal,2018-04-14 18:00:00,6149,5988
Portugal,2018-04-14 19:00:00,6570,6548
Portugal,2018-04-14 20:00:00,6393,6424
Portugal,2018-04-14 21:00:00,6107,6029
Portugal,2018-04-14 22:00:00,5418,5610
Portugal,2018-04-14 23:00:00,5129,5139
Portugal,2018-04-15 00:00:00,4789,4792
Portugal,2018-04-15 01:00:00,4554,4564
Portugal,2018-04-15 02:00:00,4431,4446
Portugal,2018-04-15 03:00:00,4375,4351
Portugal,2018-04-15 04:00:00,4376,4350
Portugal,2018-04-15 05:00:00,4354,4327
Portugal,2018-04-15 06:00:00,4333,4284
Portugal,2018-04-15 07:00:00,4598,4551
Portugal,2018-04-15 08:00:00,4967,4942
Portugal,2018-04-15 09:00:00,5340,5339
Portugal,2018-04-15 10:00:00,5602,5655
Portugal,2018-04-15 11:00:00,5675,5795
Portugal,2018-04-15 12:00:00,5549,5626
Portugal,2018-04-15 13:00:00,5431,5434
Portugal,2018-04-15 14:00:00,5353,5296
Portugal,2018-04-15 15:00:00,5351,5271
Portugal,2018-04-15 16:00:00,5441,5367
Portugal,2018-04-15 17:00:00,5657,5508
Portugal,2018-04-15 18:00:00,6043,5756
Portugal,2018-04-15 19:00:00,6595,6327
Portugal,2018-04-15 20:00:00,6573,6391
Portugal,2018-04-15 21:00:00,6291,6043
Portugal,2018-04-15 22:00:00,5716,5526
Portugal,2018-04-15 23:00:00,5206,5071
Portugal,2018-04-16 00:00:00,4846,4737
Portugal,2018-04-16 01:00:00,4660,4572
Portugal,2018-04-16 02:00:00,4566,4476
Portugal,2018-04-16 03:00:00,4556,4448
Portugal,2018-04-16 04:00:00,4653,4573
Portugal,2018-04-16 05:00:00,4997,4886
Portugal,2018-04-16 06:00:00,5684,5545
Portugal,2018-04-16 07:00:00,6541,6388
Portugal,2018-04-16 08:00:00,6989,6681
Portugal,2018-04-16 09:00:00,7152,6721
Portugal,2018-04-16 10:00:00,7199,6797
Portugal,2018-04-16 11:00:00,6961,6602
Portugal,2018-04-16 12:00:00,6834,6494
Portugal,2018-04-16 13:00:00,6902,6644
Portugal,2018-04-16 14:00:00,6834,6542
Portugal,2018-04-16 15:00:00,6787,6459
Portugal,2018-04-16 16:00:00,6663,6291
Portugal,2018-04-16 17:00:00,6651,6221
Portugal,2018-04-16 18:00:00,7007,6449
Portugal,2018-04-16 19:00:00,7504,7009
Portugal,2018-04-16 20:00:00,7438,6997
Portugal,2018-04-16 21:00:00,7079,6524
Portugal,2018-04-16 22:00:00,6365,5853
Portugal,2018-04-16 23:00:00,5346,5360
Portugal,2018-04-17 00:00:00,5005,5016
Portugal,2018-04-17 01:00:00,4833,4828
Portugal,2018-04-17 02:00:00,4750,4720
Portugal,2018-04-17 03:00:00,4769,4709
Portugal,2018-04-17 04:00:00,4868,4785
Portugal,2018-04-17 05:00:00,5144,5026
Portugal,2018-04-17 06:00:00,5653,5627
Portugal,2018-04-17 07:00:00,6243,6446
Portugal,2018-04-17 08:00:00,6531,6586
Portugal,2018-04-17 09:00:00,6682,6584
Portugal,2018-04-17 10:00:00,6788,6644
Portugal,2018-04-17 11:00:00,6632,6413
Portugal,2018-04-17 12:00:00,6634,6299
Portugal,2018-04-17 13:00:00,6694,6449
Portugal,2018-04-17 14:00:00,6609,6373
Portugal,2018-04-17 15:00:00,6553,6331
Portugal,2018-04-17 16:00:00,6469,6137
Portugal,2018-04-17 17:00:00,6517,6056
Portugal,2018-04-17 18:00:00,6791,6241
Portugal,2018-04-17 19:00:00,7090,6793
Portugal,2018-04-17 20:00:00,6899,6809
Portugal,2018-04-17 21:00:00,6524,6328
Portugal,2018-04-17 22:00:00,5901,5743
Portugal,2018-04-17 23:00:00,5313,5217
Portugal,2018-04-18 00:00:00,4974,4898
Portugal,2018-04-18 01:00:00,4803,4726
Portugal,2018-04-18 02:00:00,4721,4624
Portugal,2018-04-18 03:00:00,4739,4605
Portugal,2018-04-18 04:00:00,4837,4688
Portugal,2018-04-18 05:00:00,5113,4912
Portugal,2018-04-18 06:00:00,5618,5524
Portugal,2018-04-18 07:00:00,6205,6266
Portugal,2018-04-18 08:00:00,6491,6430
Portugal,2018-04-18 09:00:00,6641,6424
Portugal,2018-04-18 10:00:00,6746,6493
Portugal,2018-04-18 11:00:00,6591,6294
Portugal,2018-04-18 12:00:00,6593,6209
Portugal,2018-04-18 13:00:00,6653,6397
Portugal,2018-04-18 14:00:00,6568,6365
Portugal,2018-04-18 15:00:00,6513,6310
Portugal,2018-04-18 16:00:00,6429,6111
Portugal,2018-04-18 17:00:00,6476,6037
Portugal,2018-04-18 18:00:00,6749,6192
Portugal,2018-04-18 19:00:00,7046,6617
Portugal,2018-04-18 20:00:00,6857,6575
Portugal,2018-04-18 21:00:00,6484,6137
Portugal,2018-04-18 22:00:00,6000,5538
Portugal,2018-04-18 23:00:00,5111,5129
Portugal,2018-04-19 00:00:00,4893,4826
Portugal,2018-04-19 01:00:00,4730,4639
Portugal,2018-04-19 02:00:00,4650,4567
Portugal,2018-04-19 03:00:00,4627,4539
Portugal,2018-04-19 04:00:00,4717,4617
Portugal,2018-04-19 05:00:00,4909,4800
Portugal,2018-04-19 06:00:00,5454,5347
Portugal,2018-04-19 07:00:00,6115,6082
Portugal,2018-04-19 08:00:00,6341,6264
Portugal,2018-04-19 09:00:00,6446,6299
Portugal,2018-04-19 10:00:00,6518,6413
Portugal,2018-04-19 11:00:00,6348,6247
Portugal,2018-04-19 12:00:00,6376,6138
Portugal,2018-04-19 13:00:00,6539,6358
Portugal,2018-04-19 14:00:00,6552,6324
Portugal,2018-04-19 15:00:00,6505,6293
Portugal,2018-04-19 16:00:00,6329,6131
Portugal,2018-04-19 17:00:00,6255,6067
Portugal,2018-04-19 18:00:00,6375,6230
Portugal,2018-04-19 19:00:00,6678,6591
Portugal,2018-04-19 20:00:00,6605,6560
Portugal,2018-04-19 21:00:00,6282,6118
Portugal,2018-04-19 22:00:00,5491,5455
Portugal,2018-04-19 23:00:00,5098,5081
Portugal,2018-04-20 00:00:00,4843,4765
Portugal,2018-04-20 01:00:00,4713,4587
Portugal,2018-04-20 02:00:00,4662,4525
Portugal,2018-04-20 03:00:00,4628,4499
Portugal,2018-04-20 04:00:00,4702,4566
Portugal,2018-04-20 05:00:00,4881,4793
Portugal,2018-04-20 06:00:00,5455,5291
Portugal,2018-04-20 07:00:00,6119,6061
Portugal,2018-04-20 08:00:00,6335,6319
Portugal,2018-04-20 09:00:00,6382,6320
Portugal,2018-04-20 10:00:00,6440,6431
Portugal,2018-04-20 11:00:00,6259,6322
Portugal,2018-04-20 12:00:00,6285,6336
Portugal,2018-04-20 13:00:00,6423,6440
Portugal,2018-04-20 14:00:00,6386,6376
Portugal,2018-04-20 15:00:00,6281,6230
Portugal,2018-04-20 16:00:00,6098,6113
Portugal,2018-04-20 17:00:00,5998,6067
Portugal,2018-04-20 18:00:00,6092,6203
Portugal,2018-04-20 19:00:00,6360,6480
Portugal,2018-04-20 20:00:00,6273,6407
Portugal,2018-04-20 21:00:00,6035,5936
Portugal,2018-04-20 22:00:00,5768,5444
Portugal,2018-04-20 23:00:00,5181,5015
Portugal,2018-04-21 00:00:00,4884,4715
Portugal,2018-04-21 01:00:00,4718,4540
Portugal,2018-04-21 02:00:00,4627,4389
Portugal,2018-04-21 03:00:00,4524,4363
Portugal,2018-04-21 04:00:00,4508,4357
Portugal,2018-04-21 05:00:00,4591,4291
Portugal,2018-04-21 06:00:00,4658,4400
Portugal,2018-04-21 07:00:00,4842,4852
Portugal,2018-04-21 08:00:00,5234,5334
Portugal,2018-04-21 09:00:00,5428,5572
Portugal,2018-04-21 10:00:00,5492,5727
Portugal,2018-04-21 11:00:00,5533,5777
Portugal,2018-04-21 12:00:00,5383,5634
Portugal,2018-04-21 13:00:00,5329,5502
Portugal,2018-04-21 14:00:00,5404,5411
Portugal,2018-04-21 15:00:00,5288,5260
Portugal,2018-04-21 16:00:00,5047,5237
Portugal,2018-04-21 17:00:00,5117,5291
Portugal,2018-04-21 18:00:00,5388,5502
Portugal,2018-04-21 19:00:00,5748,5861
Portugal,2018-04-21 20:00:00,5579,5812
Portugal,2018-04-21 21:00:00,5251,5442
Portugal,2018-04-21 22:00:00,4928,5049
Portugal,2018-04-21 23:00:00,4624,4649
Portugal,2018-04-22 00:00:00,4398,4377
Portugal,2018-04-22 01:00:00,4330,4163
Portugal,2018-04-22 02:00:00,4250,4052
Portugal,2018-04-22 03:00:00,4199,3992
Portugal,2018-04-22 04:00:00,4149,3975
Portugal,2018-04-22 05:00:00,3992,3923
Portugal,2018-04-22 06:00:00,3979,3920
Portugal,2018-04-22 07:00:00,4330,4185
Portugal,2018-04-22 08:00:00,4750,4585
Portugal,2018-04-22 09:00:00,5067,4959
Portugal,2018-04-22 10:00:00,5181,5211
Portugal,2018-04-22 11:00:00,5203,5313
Portugal,2018-04-22 12:00:00,5094,5156
Portugal,2018-04-22 13:00:00,4908,4926
Portugal,2018-04-22 14:00:00,4744,4756
Portugal,2018-04-22 15:00:00,4600,4655
Portugal,2018-04-22 16:00:00,4489,4687
Portugal,2018-04-22 17:00:00,4563,4831
Portugal,2018-04-22 18:00:00,4848,5108
Portugal,2018-04-22 19:00:00,5525,5627
Portugal,2018-04-22 20:00:00,5592,5691
Portugal,2018-04-22 21:00:00,5471,5340
Portugal,2018-04-22 22:00:00,4915,4946
Portugal,2018-04-22 23:00:00,4654,4607
Portugal,2018-04-23 00:00:00,4428,4384
Portugal,2018-04-23 01:00:00,4360,4240
Portugal,2018-04-23 02:00:00,4280,4183
Portugal,2018-04-23 03:00:00,4229,4180
Portugal,2018-04-23 04:00:00,4179,4260
Portugal,2018-04-23 05:00:00,4573,4512
Portugal,2018-04-23 06:00:00,5124,5113
Portugal,2018-04-23 07:00:00,5883,5873
Portugal,2018-04-23 08:00:00,6364,6097
Portugal,2018-04-23 09:00:00,6439,6182
Portugal,2018-04-23 10:00:00,6549,6320
Portugal,2018-04-23 11:00:00,6541,6198
Portugal,2018-04-23 12:00:00,6348,6131
Portugal,2018-04-23 13:00:00,6358,6304
Portugal,2018-04-23 14:00:00,6385,6300
Portugal,2018-04-23 15:00:00,6365,6293
Portugal,2018-04-23 16:00:00,6339,6083
Portugal,2018-04-23 17:00:00,6347,5975
Portugal,2018-04-23 18:00:00,6644,6114
Portugal,2018-04-23 19:00:00,7122,6443
Portugal,2018-04-23 20:00:00,6980,6421
Portugal,2018-04-23 21:00:00,6675,5988
Portugal,2018-04-23 22:00:00,5977,5352
Portugal,2018-04-23 23:00:00,5346,4962
Portugal,2018-04-24 00:00:00,5005,4712
Portugal,2018-04-24 01:00:00,4833,4543
Portugal,2018-04-24 02:00:00,4750,4470
Portugal,2018-04-24 03:00:00,4769,4457
Portugal,2018-04-24 04:00:00,4868,4537
Portugal,2018-04-24 05:00:00,5144,4668
Portugal,2018-04-24 06:00:00,5653,5242
Portugal,2018-04-24 07:00:00,6243,6049
Portugal,2018-04-24 08:00:00,6531,6284
Portugal,2018-04-24 09:00:00,6682,6313
Portugal,2018-04-24 10:00:00,6788,6427
Portugal,2018-04-24 11:00:00,6632,6256
Portugal,2018-04-24 12:00:00,6634,6239
Portugal,2018-04-24 13:00:00,6694,6393
Portugal,2018-04-24 14:00:00,6609,6373
Portugal,2018-04-24 15:00:00,6553,6319
Portugal,2018-04-24 16:00:00,6469,6153
Portugal,2018-04-24 17:00:00,6517,6007
Portugal,2018-04-24 18:00:00,6791,6082
Portugal,2018-04-24 19:00:00,7090,6336
Portugal,2018-04-24 20:00:00,6899,6289
Portugal,2018-04-24 21:00:00,6524,5766
Portugal,2018-04-24 22:00:00,5421,5306
Portugal,2018-04-24 23:00:00,4780,4892
Portugal,2018-04-25 00:00:00,4478,4623
Portugal,2018-04-25 01:00:00,4276,4438
Portugal,2018-04-25 02:00:00,4165,4345
Portugal,2018-04-25 03:00:00,4086,4273
Portugal,2018-04-25 04:00:00,4102,4283
Portugal,2018-04-25 05:00:00,4053,4096
Portugal,2018-04-25 06:00:00,4063,4157
Portugal,2018-04-25 07:00:00,4314,4518
Portugal,2018-04-25 08:00:00,4673,4884
Portugal,2018-04-25 09:00:00,5030,5111
Portugal,2018-04-25 10:00:00,5305,5272
Portugal,2018-04-25 11:00:00,5400,5365
Portugal,2018-04-25 12:00:00,5236,5197
Portugal,2018-04-25 13:00:00,5077,5030
Portugal,2018-04-25 14:00:00,4970,4916
Portugal,2018-04-25 15:00:00,4951,4894
Portugal,2018-04-25 16:00:00,5045,4879
Portugal,2018-04-25 17:00:00,5207,4994
Portugal,2018-04-25 18:00:00,5459,5278
Portugal,2018-04-25 19:00:00,5930,5670
Portugal,2018-04-25 20:00:00,5944,5757
Portugal,2018-04-25 21:00:00,5718,5392
Portugal,2018-04-25 22:00:00,5153,4960
Portugal,2018-04-25 23:00:00,5025,4628
Portugal,2018-04-26 00:00:00,4716,4419
Portugal,2018-04-26 01:00:00,4565,4295
Portugal,2018-04-26 02:00:00,4492,4231
Portugal,2018-04-26 03:00:00,4492,4222
Portugal,2018-04-26 04:00:00,4581,4294
Portugal,2018-04-26 05:00:00,4818,4525
Portugal,2018-04-26 06:00:00,5374,4993
Portugal,2018-04-26 07:00:00,5993,5834
Portugal,2018-04-26 08:00:00,6148,6082
Portugal,2018-04-26 09:00:00,6199,6178
Portugal,2018-04-26 10:00:00,6267,6313
Portugal,2018-04-26 11:00:00,6099,6222
Portugal,2018-04-26 12:00:00,6094,6207
Portugal,2018-04-26 13:00:00,6249,6324
Portugal,2018-04-26 14:00:00,6212,6262
Portugal,2018-04-26 15:00:00,6150,6260
Portugal,2018-04-26 16:00:00,6015,6079
Portugal,2018-04-26 17:00:00,5989,5961
Portugal,2018-04-26 18:00:00,6146,6086
Portugal,2018-04-26 19:00:00,6479,6405
Portugal,2018-04-26 20:00:00,6406,6414
Portugal,2018-04-26 21:00:00,6104,5928
Portugal,2018-04-26 22:00:00,5396,5410
Portugal,2018-04-26 23:00:00,5025,4981
Portugal,2018-04-27 00:00:00,4716,4732
Portugal,2018-04-27 01:00:00,4565,4531
Portugal,2018-04-27 02:00:00,4492,4463
Portugal,2018-04-27 03:00:00,4492,4443
Portugal,2018-04-27 04:00:00,4581,4525
Portugal,2018-04-27 05:00:00,4818,4638
Portugal,2018-04-27 06:00:00,5374,5221
Portugal,2018-04-27 07:00:00,5993,6067
Portugal,2018-04-27 08:00:00,6148,6322
Portugal,2018-04-27 09:00:00,6199,6338
Portugal,2018-04-27 10:00:00,6267,6437
Portugal,2018-04-27 11:00:00,6099,6221
Portugal,2018-04-27 12:00:00,6094,6210
Portugal,2018-04-27 13:00:00,6249,6363
Portugal,2018-04-27 14:00:00,6212,6269
Portugal,2018-04-27 15:00:00,6150,6168
Portugal,2018-04-27 16:00:00,6015,5952
Portugal,2018-04-27 17:00:00,5989,5867
Portugal,2018-04-27 18:00:00,6146,5968
Portugal,2018-04-27 19:00:00,6479,6252
Portugal,2018-04-27 20:00:00,6406,6265
Portugal,2018-04-27 21:00:00,6104,5798
Portugal,2018-04-27 22:00:00,6038,5291
Portugal,2018-04-27 23:00:00,5195,4903
Portugal,2018-04-28 00:00:00,4904,4630
Portugal,2018-04-28 01:00:00,4721,4456
Portugal,2018-04-28 02:00:00,4584,4339
Portugal,2018-04-28 03:00:00,4560,4281
Portugal,2018-04-28 04:00:00,4539,4285
Portugal,2018-04-28 05:00:00,4503,4157
Portugal,2018-04-28 06:00:00,4695,4331
Portugal,2018-04-28 07:00:00,5171,4774
Portugal,2018-04-28 08:00:00,5625,5122
Portugal,2018-04-28 09:00:00,5854,5291
Portugal,2018-04-28 10:00:00,6009,5390
Portugal,2018-04-28 11:00:00,6011,5441
Portugal,2018-04-28 12:00:00,5859,5327
Portugal,2018-04-28 13:00:00,5754,5272
Portugal,2018-04-28 14:00:00,5632,5233
Portugal,2018-04-28 15:00:00,5513,5158
Portugal,2018-04-28 16:00:00,5477,5161
Portugal,2018-04-28 17:00:00,5558,5288
Portugal,2018-04-28 18:00:00,5794,5528
Portugal,2018-04-28 19:00:00,6121,5807
Portugal,2018-04-28 20:00:00,6009,5801
Portugal,2018-04-28 21:00:00,5729,5400
Portugal,2018-04-28 22:00:00,5229,4994
Portugal,2018-04-28 23:00:00,4717,4605
Portugal,2018-04-29 00:00:00,4486,4312
Portugal,2018-04-29 01:00:00,4417,4127
Portugal,2018-04-29 02:00:00,4335,4020
Portugal,2018-04-29 03:00:00,4283,3984
Portugal,2018-04-29 04:00:00,4232,3971
Portugal,2018-04-29 05:00:00,4072,3873
Portugal,2018-04-29 06:00:00,4059,3924
Portugal,2018-04-29 07:00:00,4416,4221
Portugal,2018-04-29 08:00:00,4844,4589
Portugal,2018-04-29 09:00:00,5168,4947
Portugal,2018-04-29 10:00:00,5284,5232
Portugal,2018-04-29 11:00:00,5307,5332
Portugal,2018-04-29 12:00:00,5196,5171
Portugal,2018-04-29 13:00:00,5006,4998
Portugal,2018-04-29 14:00:00,4839,4854
Portugal,2018-04-29 15:00:00,4692,4752
Portugal,2018-04-29 16:00:00,4579,4769
Portugal,2018-04-29 17:00:00,4655,4894
Portugal,2018-04-29 18:00:00,4945,5160
Portugal,2018-04-29 19:00:00,5635,5623
Portugal,2018-04-29 20:00:00,5703,5803
Portugal,2018-04-29 21:00:00,5580,5424
Portugal,2018-04-29 22:00:00,5773,4916
Portugal,2018-04-29 23:00:00,4317,4595
Portugal,2018-04-30 00:00:00,4090,4328
Portugal,2018-04-30 01:00:00,4002,4186
Portugal,2018-04-30 02:00:00,3944,4118
Portugal,2018-04-30 03:00:00,4110,4088
Portugal,2018-04-30 04:00:00,4291,4201
Portugal,2018-04-30 05:00:00,4483,4336
Portugal,2018-04-30 06:00:00,4926,4901
Portugal,2018-04-30 07:00:00,5498,5596
Portugal,2018-04-30 08:00:00,5696,5919
Portugal,2018-04-30 09:00:00,5746,5973
Portugal,2018-04-30 10:00:00,5818,6099
Portugal,2018-04-30 11:00:00,5753,6052
Portugal,2018-04-30 12:00:00,5667,6041
Portugal,2018-04-30 13:00:00,5830,6071
Portugal,2018-04-30 14:00:00,5886,6001
Portugal,2018-04-30 15:00:00,5909,5925
Portugal,2018-04-30 16:00:00,5724,5803
Portugal,2018-04-30 17:00:00,5622,5727
Portugal,2018-04-30 18:00:00,5701,5875
Portugal,2018-04-30 19:00:00,5857,6199
Portugal,2018-04-30 20:00:00,5863,6275
Portugal,2018-04-30 21:00:00,5676,5781
Portugal,2018-04-30 22:00:00,5203,5271
Portugal,2018-04-30 23:00:00,4780,4781
Portugal,2019-03-28 00:00:00,4912,5032
Portugal,2019-03-28 01:00:00,4502,4774
Portugal,2019-03-28 02:00:00,4256,4647
Portugal,2019-03-28 03:00:00,4146,4576
Portugal,2019-03-28 04:00:00,4106,4553
Portugal,2019-03-28 05:00:00,4169,4615
Portugal,2019-03-28 06:00:00,4357,4732
Portugal,2019-03-28 07:00:00,4872,5367
Portugal,2019-03-28 08:00:00,6004,6151
Portugal,2019-03-28 09:00:00,6545,6395
Portugal,2019-03-28 10:00:00,6652,6409
Portugal,2019-03-28 11:00:00,6779,6515
Portugal,2019-03-28 12:00:00,6458,6337
Portugal,2019-03-28 13:00:00,6317,6243
Portugal,2019-03-28 14:00:00,6629,6447
Portugal,2019-03-28 15:00:00,6611,6310
Portugal,2019-03-28 16:00:00,6536,6246
Portugal,2019-03-28 17:00:00,6296,6038
Portugal,2019-03-28 18:00:00,6267,6064
Portugal,2019-03-28 19:00:00,6941,6713
Portugal,2019-03-28 20:00:00,6889,6669
Portugal,2019-03-28 21:00:00,6614,6334
Portugal,2019-03-28 22:00:00,6227,6011
Portugal,2019-03-28 23:00:00,5548,5445
Portugal,2019-03-29 00:00:00,4874,5055
Portugal,2019-03-29 01:00:00,4467,4805
Portugal,2019-03-29 02:00:00,4223,4657
Portugal,2019-03-29 03:00:00,4114,4588
Portugal,2019-03-29 04:00:00,4074,4561
Portugal,2019-03-29 05:00:00,4137,4637
Portugal,2019-03-29 06:00:00,4323,4746
Portugal,2019-03-29 07:00:00,4834,5406
Portugal,2019-03-29 08:00:00,5958,6184
Portugal,2019-03-29 09:00:00,6494,6440
Portugal,2019-03-29 10:00:00,6600,6466
Portugal,2019-03-29 11:00:00,6726,6563
Portugal,2019-03-29 12:00:00,6408,6379
Portugal,2019-03-29 13:00:00,6267,6285
Portugal,2019-03-29 14:00:00,6577,6405
Portugal,2019-03-29 15:00:00,6560,6349
Portugal,2019-03-29 16:00:00,6485,6199
Portugal,2019-03-29 17:00:00,6247,5940
Portugal,2019-03-29 18:00:00,6219,5915
Portugal,2019-03-29 19:00:00,6887,6565
Portugal,2019-03-29 20:00:00,6835,6548
Portugal,2019-03-29 21:00:00,6563,6205
Portugal,2019-03-29 22:00:00,6179,5910
Portugal,2019-03-29 23:00:00,5556,5428
Portugal,2019-03-30 00:00:00,4952,5011
Portugal,2019-03-30 01:00:00,4545,4738
Portugal,2019-03-30 02:00:00,4257,4559
Portugal,2019-03-30 03:00:00,4102,4453
Portugal,2019-03-30 04:00:00,4030,4411
Portugal,2019-03-30 05:00:00,4023,4355
Portugal,2019-03-30 06:00:00,3976,4217
Portugal,2019-03-30 07:00:00,4008,4465
Portugal,2019-03-30 08:00:00,4528,4910
Portugal,2019-03-30 09:00:00,5063,5261
Portugal,2019-03-30 10:00:00,5316,5399
Portugal,2019-03-30 11:00:00,5430,5515
Portugal,2019-03-30 12:00:00,5390,5536
Portugal,2019-03-30 13:00:00,5146,5393
Portugal,2019-03-30 14:00:00,5107,5256
Portugal,2019-03-30 15:00:00,5011,5173
Portugal,2019-03-30 16:00:00,4910,5036
Portugal,2019-03-30 17:00:00,4883,4987
Portugal,2019-03-30 18:00:00,5131,5182
Portugal,2019-03-30 19:00:00,6028,5863
Portugal,2019-03-30 20:00:00,6102,5876
Portugal,2019-03-30 21:00:00,5821,5543
Portugal,2019-03-30 22:00:00,5437,5307
Portugal,2019-03-30 23:00:00,5059,4944
Portugal,2019-03-31 00:00:00,4758,4564
Portugal,2019-03-31 01:00:00,4301,4282
Portugal,2019-03-31 02:00:00,3980,4137
Portugal,2019-03-31 03:00:00,3834,4048
Portugal,2019-03-31 04:00:00,3786,4038
Portugal,2019-03-31 05:00:00,3804,4046
Portugal,2019-03-31 06:00:00,3738,3961
Portugal,2019-03-31 07:00:00,3747,4157
Portugal,2019-03-31 08:00:00,4133,4504
Portugal,2019-03-31 09:00:00,4557,4828
Portugal,2019-03-31 10:00:00,4911,5094
Portugal,2019-03-31 11:00:00,5036,5203
Portugal,2019-03-31 12:00:00,4838,5008
Portugal,2019-03-31 13:00:00,4630,4820
Portugal,2019-03-31 14:00:00,4502,4690
Portugal,2019-03-31 15:00:00,4358,4575
Portugal,2019-03-31 16:00:00,4347,4582
Portugal,2019-03-31 17:00:00,4495,4738
Portugal,2019-03-31 18:00:00,4838,5079
Portugal,2019-03-31 19:00:00,5732,5718
Portugal,2019-03-31 20:00:00,5824,5597
Portugal,2019-03-31 21:00:00,5639,5318
Portugal,2019-03-31 22:00:00,5229,4899
Portugal,2019-03-31 23:00:00,4369,4574
Portugal,2019-04-01 00:00:00,4027,4361
Portugal,2019-04-01 01:00:00,3840,4230
Portugal,2019-04-01 02:00:00,3755,4156
Portugal,2019-04-01 03:00:00,3741,4119
Portugal,2019-04-01 04:00:00,3823,4174
Portugal,2019-04-01 05:00:00,4100,4590
Portugal,2019-04-01 06:00:00,4638,5075
Portugal,2019-04-01 07:00:00,5788,5819
Portugal,2019-04-01 08:00:00,6451,6130
Portugal,2019-04-01 09:00:00,6632,6206
Portugal,2019-04-01 10:00:00,6808,6311
Portugal,2019-04-01 11:00:00,6502,6161
Portugal,2019-04-01 12:00:00,6400,6099
Portugal,2019-04-01 13:00:00,6712,6241
Portugal,2019-04-01 14:00:00,6717,6170
Portugal,2019-04-01 15:00:00,6641,6191
Portugal,2019-04-01 16:00:00,6394,6079
Portugal,2019-04-01 17:00:00,6372,6121
Portugal,2019-04-01 18:00:00,6986,6325
Portugal,2019-04-01 19:00:00,6870,6774
Portugal,2019-04-01 20:00:00,6587,6515
Portugal,2019-04-01 21:00:00,6199,6055
Portugal,2019-04-01 22:00:00,5579,5495
Portugal,2019-04-01 23:00:00,4929,5033
Portugal,2019-04-02 00:00:00,4506,4777
Portugal,2019-04-02 01:00:00,4249,4607
Portugal,2019-04-02 02:00:00,4123,4547
Portugal,2019-04-02 03:00:00,4072,4488
Portugal,2019-04-02 04:00:00,4132,4577
Portugal,2019-04-02 05:00:00,4406,4892
Portugal,2019-04-02 06:00:00,4847,5388
Portugal,2019-04-02 07:00:00,5890,6108
Portugal,2019-04-02 08:00:00,6541,6346
Portugal,2019-04-02 09:00:00,6698,6356
Portugal,2019-04-02 10:00:00,6841,6458
Portugal,2019-04-02 11:00:00,6490,6307
Portugal,2019-04-02 12:00:00,6367,6181
Portugal,2019-04-02 13:00:00,6630,6333
Portugal,2019-04-02 14:00:00,6607,6273
Portugal,2019-04-02 15:00:00,6510,6272
Portugal,2019-04-02 16:00:00,6255,6106
Portugal,2019-04-02 17:00:00,6058,6045
Portugal,2019-04-02 18:00:00,6098,6300
Portugal,2019-04-02 19:00:00,6567,6828
Portugal,2019-04-02 20:00:00,6587,6567
Portugal,2019-04-02 21:00:00,6193,6119
Portugal,2019-04-02 22:00:00,5575,5561
Portugal,2019-04-02 23:00:00,4946,5077
Portugal,2019-04-03 00:00:00,4522,4783
Portugal,2019-04-03 01:00:00,4263,4625
Portugal,2019-04-03 02:00:00,4137,4548
Portugal,2019-04-03 03:00:00,4086,4517
Portugal,2019-04-03 04:00:00,4146,4618
Portugal,2019-04-03 05:00:00,4421,4913
Portugal,2019-04-03 06:00:00,4863,5421
Portugal,2019-04-03 07:00:00,5909,6103
Portugal,2019-04-03 08:00:00,6563,6375
Portugal,2019-04-03 09:00:00,6721,6410
Portugal,2019-04-03 10:00:00,6864,6537
Portugal,2019-04-03 11:00:00,6512,6331
Portugal,2019-04-03 12:00:00,6388,6289
Portugal,2019-04-03 13:00:00,6652,6452
Portugal,2019-04-03 14:00:00,6629,6403
Portugal,2019-04-03 15:00:00,6532,6397
Portugal,2019-04-03 16:00:00,6276,6218
Portugal,2019-04-03 17:00:00,6079,6187
Portugal,2019-04-03 18:00:00,6119,6402
Portugal,2019-04-03 19:00:00,6589,6894
Portugal,2019-04-03 20:00:00,6609,6670
Portugal,2019-04-03 21:00:00,6213,6208
Portugal,2019-04-03 22:00:00,5505,5665
Portugal,2019-04-03 23:00:00,4887,5180
Portugal,2019-04-04 00:00:00,4467,4877
Portugal,2019-04-04 01:00:00,4212,4725
Portugal,2019-04-04 02:00:00,4088,4612
Portugal,2019-04-04 03:00:00,4037,4609
Portugal,2019-04-04 04:00:00,4096,4695
Portugal,2019-04-04 05:00:00,4368,4966
Portugal,2019-04-04 06:00:00,4804,5490
Portugal,2019-04-04 07:00:00,5839,6294
Portugal,2019-04-04 08:00:00,6485,6510
Portugal,2019-04-04 09:00:00,6640,6553
Portugal,2019-04-04 10:00:00,6782,6662
Portugal,2019-04-04 11:00:00,6434,6576
Portugal,2019-04-04 12:00:00,6312,6505
Portugal,2019-04-04 13:00:00,6572,6673
Portugal,2019-04-04 14:00:00,6550,6718
Portugal,2019-04-04 15:00:00,6453,6741
Portugal,2019-04-04 16:00:00,6201,6648
Portugal,2019-04-04 17:00:00,6006,6667
Portugal,2019-04-04 18:00:00,6045,6925
Portugal,2019-04-04 19:00:00,6510,7270
Portugal,2019-04-04 20:00:00,6530,6989
Portugal,2019-04-04 21:00:00,6139,6440
Portugal,2019-04-04 22:00:00,5628,5826
Portugal,2019-04-04 23:00:00,4994,5319
Portugal,2019-04-05 00:00:00,4565,4967
Portugal,2019-04-05 01:00:00,4305,4822
Portugal,2019-04-05 02:00:00,4177,4726
Portugal,2019-04-05 03:00:00,4125,4719
Portugal,2019-04-05 04:00:00,4186,4815
Portugal,2019-04-05 05:00:00,4464,5096
Portugal,2019-04-05 06:00:00,4910,5621
Portugal,2019-04-05 07:00:00,5967,6408
Portugal,2019-04-05 08:00:00,6627,6780
Portugal,2019-04-05 09:00:00,6786,6776
Portugal,2019-04-05 10:00:00,6931,6877
Portugal,2019-04-05 11:00:00,6575,6715
Portugal,2019-04-05 12:00:00,6450,6720
Portugal,2019-04-05 13:00:00,6716,6883
Portugal,2019-04-05 14:00:00,6693,6854
Portugal,2019-04-05 15:00:00,6595,6764
Portugal,2019-04-05 16:00:00,6337,6578
Portugal,2019-04-05 17:00:00,6137,6545
Portugal,2019-04-05 18:00:00,6178,6776
Portugal,2019-04-05 19:00:00,6653,7157
Portugal,2019-04-05 20:00:00,6673,6937
Portugal,2019-04-05 21:00:00,6273,6446
Portugal,2019-04-05 22:00:00,5664,5847
Portugal,2019-04-05 23:00:00,5114,5336
Portugal,2019-04-06 00:00:00,4662,4979
Portugal,2019-04-06 01:00:00,4340,4777
Portugal,2019-04-06 02:00:00,4156,4662
Portugal,2019-04-06 03:00:00,4062,4594
Portugal,2019-04-06 04:00:00,4044,4522
Portugal,2019-04-06 05:00:00,4096,4435
Portugal,2019-04-06 06:00:00,4111,4567
Portugal,2019-04-06 07:00:00,4494,5038
Portugal,2019-04-06 08:00:00,5075,5551
Portugal,2019-04-06 09:00:00,5338,5792
Portugal,2019-04-06 10:00:00,5494,5975
Portugal,2019-04-06 11:00:00,5492,6032
Portugal,2019-04-06 12:00:00,5310,5901
Portugal,2019-04-06 13:00:00,5221,5773
Portugal,2019-04-06 14:00:00,5144,5686
Portugal,2019-04-06 15:00:00,5000,5571
Portugal,2019-04-06 16:00:00,4938,5551
Portugal,2019-04-06 17:00:00,4988,5689
Portugal,2019-04-06 18:00:00,5229,6009
Portugal,2019-04-06 19:00:00,5954,6512
Portugal,2019-04-06 20:00:00,5993,6255
Portugal,2019-04-06 21:00:00,5673,5866
Portugal,2019-04-06 22:00:00,5330,5379
Portugal,2019-04-06 23:00:00,4907,4951
Portugal,2019-04-07 00:00:00,4416,4582
Portugal,2019-04-07 01:00:00,4095,4379
Portugal,2019-04-07 02:00:00,3919,4241
Portugal,2019-04-07 03:00:00,3831,4192
Portugal,2019-04-07 04:00:00,3820,4199
Portugal,2019-04-07 05:00:00,3861,4216
Portugal,2019-04-07 06:00:00,3771,4117
Portugal,2019-04-07 07:00:00,3921,4356
Portugal,2019-04-07 08:00:00,4386,4825
Portugal,2019-04-07 09:00:00,4784,5302
Portugal,2019-04-07 10:00:00,5062,5655
Portugal,2019-04-07 11:00:00,5148,5884
Portugal,2019-04-07 12:00:00,4944,5751
Portugal,2019-04-07 13:00:00,4754,5578
Portugal,2019-04-07 14:00:00,4595,5456
Portugal,2019-04-07 15:00:00,4442,5365
Portugal,2019-04-07 16:00:00,4410,5421
Portugal,2019-04-07 17:00:00,4539,5565
Portugal,2019-04-07 18:00:00,4833,5858
Portugal,2019-04-07 19:00:00,5708,6411
Portugal,2019-04-07 20:00:00,5962,6268
Portugal,2019-04-07 21:00:00,5721,5881
Portugal,2019-04-07 22:00:00,5266,5387
Portugal,2019-04-07 23:00:00,4734,4958
Portugal,2019-04-08 00:00:00,4315,4641
Portugal,2019-04-08 01:00:00,4082,4438
Portugal,2019-04-08 02:00:00,3961,4381
Portugal,2019-04-08 03:00:00,3937,4356
Portugal,2019-04-08 04:00:00,4014,4497
Portugal,2019-04-08 05:00:00,4388,4827
Portugal,2019-04-08 06:00:00,4931,5329
Portugal,2019-04-08 07:00:00,6049,6152
Portugal,2019-04-08 08:00:00,6795,6543
Portugal,2019-04-08 09:00:00,7008,6673
Portugal,2019-04-08 10:00:00,7182,6785
Portugal,2019-04-08 11:00:00,6857,6643
Portugal,2019-04-08 12:00:00,6736,6575
Portugal,2019-04-08 13:00:00,7014,6698
Portugal,2019-04-08 14:00:00,6990,6664
Portugal,2019-04-08 15:00:00,6866,6611
Portugal,2019-04-08 16:00:00,6589,6494
Portugal,2019-04-08 17:00:00,6326,6440
Portugal,2019-04-08 18:00:00,6371,6677
Portugal,2019-04-08 19:00:00,6937,7190
Portugal,2019-04-08 20:00:00,7002,6966
Portugal,2019-04-08 21:00:00,6586,6436
Portugal,2019-04-08 22:00:00,5905,5848
Portugal,2019-04-08 23:00:00,5073,5323
Portugal,2019-04-09 00:00:00,4654,4963
Portugal,2019-04-09 01:00:00,4400,4779
Portugal,2019-04-09 02:00:00,4276,4699
Portugal,2019-04-09 03:00:00,4232,4684
Portugal,2019-04-09 04:00:00,4303,4765
Portugal,2019-04-09 05:00:00,4589,5026
Portugal,2019-04-09 06:00:00,4996,5526
Portugal,2019-04-09 07:00:00,6141,6349
Portugal,2019-04-09 08:00:00,6764,6684
Portugal,2019-04-09 09:00:00,6894,6787
Portugal,2019-04-09 10:00:00,7030,6929
Portugal,2019-04-09 11:00:00,6682,6806
Portugal,2019-04-09 12:00:00,6558,6709
Portugal,2019-04-09 13:00:00,6832,6807
Portugal,2019-04-09 14:00:00,6803,6744
Portugal,2019-04-09 15:00:00,6696,6736
Portugal,2019-04-09 16:00:00,6434,6605
Portugal,2019-04-09 17:00:00,6239,6548
Portugal,2019-04-09 18:00:00,6265,6783
Portugal,2019-04-09 19:00:00,6717,7225
Portugal,2019-04-09 20:00:00,6850,7041
Portugal,2019-04-09 21:00:00,6451,6540
Portugal,2019-04-09 22:00:00,5781,5904
Portugal,2019-04-09 23:00:00,5068,5373
Portugal,2019-04-10 00:00:00,4649,5068
Portugal,2019-04-10 01:00:00,4395,4869
Portugal,2019-04-10 02:00:00,4272,4765
Portugal,2019-04-10 03:00:00,4227,4730
Portugal,2019-04-10 04:00:00,4298,4809
Portugal,2019-04-10 05:00:00,4584,5089
Portugal,2019-04-10 06:00:00,4991,5547
Portugal,2019-04-10 07:00:00,6135,6337
Portugal,2019-04-10 08:00:00,6757,6689
Portugal,2019-04-10 09:00:00,6887,6790
Portugal,2019-04-10 10:00:00,7022,6908
Portugal,2019-04-10 11:00:00,6675,6711
Portugal,2019-04-10 12:00:00,6551,6594
Portugal,2019-04-10 13:00:00,6825,6728
Portugal,2019-04-10 14:00:00,6795,6655
Portugal,2019-04-10 15:00:00,6689,6631
Portugal,2019-04-10 16:00:00,6427,6470
Portugal,2019-04-10 17:00:00,6232,6422
Portugal,2019-04-10 18:00:00,6259,6636
Portugal,2019-04-10 19:00:00,6710,7104
Portugal,2019-04-10 20:00:00,6843,6926
Portugal,2019-04-10 21:00:00,6445,6454
Portugal,2019-04-10 22:00:00,5787,5856
Portugal,2019-04-10 23:00:00,5068,5308
Portugal,2019-04-11 00:00:00,4649,4977
Portugal,2019-04-11 01:00:00,4395,4752
Portugal,2019-04-11 02:00:00,4272,4673
Portugal,2019-04-11 03:00:00,4227,4660
Portugal,2019-04-11 04:00:00,4298,4719
Portugal,2019-04-11 05:00:00,4584,5028
Portugal,2019-04-11 06:00:00,4991,5462
Portugal,2019-04-11 07:00:00,6135,6256
Portugal,2019-04-11 08:00:00,6757,6581
Portugal,2019-04-11 09:00:00,6887,6631
Portugal,2019-04-11 10:00:00,7022,6697
Portugal,2019-04-11 11:00:00,6675,6469
Portugal,2019-04-11 12:00:00,6551,6362
Portugal,2019-04-11 13:00:00,6825,6467
Portugal,2019-04-11 14:00:00,6795,6392
Portugal,2019-04-11 15:00:00,6689,6343
Portugal,2019-04-11 16:00:00,6427,6247
Portugal,2019-04-11 17:00:00,6232,6235
Portugal,2019-04-11 18:00:00,6259,6473
Portugal,2019-04-11 19:00:00,6710,6911
Portugal,2019-04-11 20:00:00,6843,6793
Portugal,2019-04-11 21:00:00,6445,6340
Portugal,2019-04-11 22:00:00,5843,5777
Portugal,2019-04-11 23:00:00,5119,5242
Portugal,2019-04-12 00:00:00,4696,4910
Portugal,2019-04-12 01:00:00,4440,4738
Portugal,2019-04-12 02:00:00,4315,4664
Portugal,2019-04-12 03:00:00,4270,4609
Portugal,2019-04-12 04:00:00,4341,4698
Portugal,2019-04-12 05:00:00,4630,4946
Portugal,2019-04-12 06:00:00,5041,5477
Portugal,2019-04-12 07:00:00,6197,6334
Portugal,2019-04-12 08:00:00,6825,6558
Portugal,2019-04-12 09:00:00,6956,6575
Portugal,2019-04-12 10:00:00,7093,6613
Portugal,2019-04-12 11:00:00,6742,6417
Portugal,2019-04-12 12:00:00,6616,6339
Portugal,2019-04-12 13:00:00,6893,6454
Portugal,2019-04-12 14:00:00,6864,6348
Portugal,2019-04-12 15:00:00,6756,6237
Portugal,2019-04-12 16:00:00,6491,6046
Portugal,2019-04-12 17:00:00,6295,5969
Portugal,2019-04-12 18:00:00,6322,6175
Portugal,2019-04-12 19:00:00,6777,6650
Portugal,2019-04-12 20:00:00,6911,6591
Portugal,2019-04-12 21:00:00,6509,6166
Portugal,2019-04-12 22:00:00,5839,5645
Portugal,2019-04-12 23:00:00,5242,5146
Portugal,2019-04-13 00:00:00,4804,4849
Portugal,2019-04-13 01:00:00,4491,4658
Portugal,2019-04-13 02:00:00,4320,4538
Portugal,2019-04-13 03:00:00,4220,4483
Portugal,2019-04-13 04:00:00,4204,4476
Portugal,2019-04-13 05:00:00,4248,4468
Portugal,2019-04-13 06:00:00,4227,4561
Portugal,2019-04-13 07:00:00,4699,4976
Portugal,2019-04-13 08:00:00,5283,5373
Portugal,2019-04-13 09:00:00,5567,5564
Portugal,2019-04-13 10:00:00,5706,5688
Portugal,2019-04-13 11:00:00,5690,5671
Portugal,2019-04-13 12:00:00,5485,5530
Portugal,2019-04-13 13:00:00,5373,5440
Portugal,2019-04-13 14:00:00,5293,5367
Portugal,2019-04-13 15:00:00,5168,5275
Portugal,2019-04-13 16:00:00,5096,5292
Portugal,2019-04-13 17:00:00,5157,5465
Portugal,2019-04-13 18:00:00,5370,5728
Portugal,2019-04-13 19:00:00,6031,6103
Portugal,2019-04-13 20:00:00,6144,5943
Portugal,2019-04-13 21:00:00,5801,5563
Portugal,2019-04-13 22:00:00,5359,5149
Portugal,2019-04-13 23:00:00,4902,4737
Portugal,2019-04-14 00:00:00,4420,4456
Portugal,2019-04-14 01:00:00,4120,4275
Portugal,2019-04-14 02:00:00,3978,4174
Portugal,2019-04-14 03:00:00,3901,4131
Portugal,2019-04-14 04:00:00,3880,4131
Portugal,2019-04-14 05:00:00,3924,4122
Portugal,2019-04-14 06:00:00,3756,4068
Portugal,2019-04-14 07:00:00,3989,4338
Portugal,2019-04-14 08:00:00,4451,4724
Portugal,2019-04-14 09:00:00,4828,5058
Portugal,2019-04-14 10:00:00,5105,5309
Portugal,2019-04-14 11:00:00,5194,5446
Portugal,2019-04-14 12:00:00,4996,5262
Portugal,2019-04-14 13:00:00,4805,5078
Portugal,2019-04-14 14:00:00,4632,4955
Portugal,2019-04-14 15:00:00,4490,4813
Portugal,2019-04-14 16:00:00,4467,4808
Portugal,2019-04-14 17:00:00,4595,4893
Portugal,2019-04-14 18:00:00,4863,5209
Portugal,2019-04-14 19:00:00,5636,5714
Portugal,2019-04-14 20:00:00,5944,5703
Portugal,2019-04-14 21:00:00,5704,5434
Portugal,2019-04-14 22:00:00,5201,5044
Portugal,2019-04-14 23:00:00,4730,4691
Portugal,2019-04-15 00:00:00,4318,4446
Portugal,2019-04-15 01:00:00,4079,4299
Portugal,2019-04-15 02:00:00,3990,4231
Portugal,2019-04-15 03:00:00,3972,4212
Portugal,2019-04-15 04:00:00,4070,4357
Portugal,2019-04-15 05:00:00,4443,4656
Portugal,2019-04-15 06:00:00,4874,5133
Portugal,2019-04-15 07:00:00,6093,5991
Portugal,2019-04-15 08:00:00,6856,6402
Portugal,2019-04-15 09:00:00,7046,6592
Portugal,2019-04-15 10:00:00,7203,6771
Portugal,2019-04-15 11:00:00,6865,6603
Portugal,2019-04-15 12:00:00,6771,6435
Portugal,2019-04-15 13:00:00,7040,6574
Portugal,2019-04-15 14:00:00,7004,6502
Portugal,2019-04-15 15:00:00,6898,6484
Portugal,2019-04-15 16:00:00,6638,6323
Portugal,2019-04-15 17:00:00,6377,6219
Portugal,2019-04-15 18:00:00,6377,6346
Portugal,2019-04-15 19:00:00,6853,6747
Portugal,2019-04-15 20:00:00,7007,6636
Portugal,2019-04-15 21:00:00,6587,6197
Portugal,2019-04-15 22:00:00,5889,5656
Portugal,2019-04-15 23:00:00,5046,5178
Portugal,2019-04-16 00:00:00,4642,4896
Portugal,2019-04-16 01:00:00,4391,4736
Portugal,2019-04-16 02:00:00,4267,4616
Portugal,2019-04-16 03:00:00,4229,4606
Portugal,2019-04-16 04:00:00,4294,4688
Portugal,2019-04-16 05:00:00,4565,4876
Portugal,2019-04-16 06:00:00,4967,5355
Portugal,2019-04-16 07:00:00,6139,6190
Portugal,2019-04-16 08:00:00,6764,6453
Portugal,2019-04-16 09:00:00,6906,6484
Portugal,2019-04-16 10:00:00,7048,6592
Portugal,2019-04-16 11:00:00,6705,6487
Portugal,2019-04-16 12:00:00,6569,6401
Portugal,2019-04-16 13:00:00,6853,6500
Portugal,2019-04-16 14:00:00,6844,6433
Portugal,2019-04-16 15:00:00,6729,6403
Portugal,2019-04-16 16:00:00,6478,6264
Portugal,2019-04-16 17:00:00,6260,6161
Portugal,2019-04-16 18:00:00,6265,6376
Portugal,2019-04-16 19:00:00,6640,6731
Portugal,2019-04-16 20:00:00,6838,6588
Portugal,2019-04-16 21:00:00,6431,6179
Portugal,2019-04-16 22:00:00,5776,5689
Portugal,2019-04-16 23:00:00,5044,5217
Portugal,2019-04-17 00:00:00,4640,4896
Portugal,2019-04-17 01:00:00,4389,4711
Portugal,2019-04-17 02:00:00,4265,4650
Portugal,2019-04-17 03:00:00,4227,4624
Portugal,2019-04-17 04:00:00,4291,4689
Portugal,2019-04-17 05:00:00,4563,4875
Portugal,2019-04-17 06:00:00,4964,5296
Portugal,2019-04-17 07:00:00,6135,6127
Portugal,2019-04-17 08:00:00,6760,6523
Portugal,2019-04-17 09:00:00,6902,6721
Portugal,2019-04-17 10:00:00,7044,6934
Portugal,2019-04-17 11:00:00,6701,6795
Portugal,2019-04-17 12:00:00,6566,6675
Portugal,2019-04-17 13:00:00,6849,6877
Portugal,2019-04-17 14:00:00,6840,6908
Portugal,2019-04-17 15:00:00,6725,6873
Portugal,2019-04-17 16:00:00,6474,6587
Portugal,2019-04-17 17:00:00,6256,6493
Portugal,2019-04-17 18:00:00,6262,6650
Portugal,2019-04-17 19:00:00,6637,6938
Portugal,2019-04-17 20:00:00,6834,6767
Portugal,2019-04-17 21:00:00,6427,6336
Portugal,2019-04-17 22:00:00,5672,5762
Portugal,2019-04-17 23:00:00,5209,5233
Portugal,2019-04-18 00:00:00,4771,4914
Portugal,2019-04-18 01:00:00,4531,4738
Portugal,2019-04-18 02:00:00,4390,4643
Portugal,2019-04-18 03:00:00,4322,4606
Portugal,2019-04-18 04:00:00,4381,4689
Portugal,2019-04-18 05:00:00,4595,4876
Portugal,2019-04-18 06:00:00,4942,5312
Portugal,2019-04-18 07:00:00,6057,6073
Portugal,2019-04-18 08:00:00,6723,6412
Portugal,2019-04-18 09:00:00,6879,6493
Portugal,2019-04-18 10:00:00,7011,6600
Portugal,2019-04-18 11:00:00,6656,6446
Portugal,2019-04-18 12:00:00,6488,6341
Portugal,2019-04-18 13:00:00,6714,6416
Portugal,2019-04-18 14:00:00,6682,6392
Portugal,2019-04-18 15:00:00,6535,6344
Portugal,2019-04-18 16:00:00,6265,6166
Portugal,2019-04-18 17:00:00,6095,6103
Portugal,2019-04-18 18:00:00,6318,6249
Portugal,2019-04-18 19:00:00,6673,6578
Portugal,2019-04-18 20:00:00,6664,6460
Portugal,2019-04-18 21:00:00,6268,6082
Portugal,2019-04-18 22:00:00,5757,5567
Portugal,2019-04-18 23:00:00,4976,5109
Portugal,2019-04-19 00:00:00,4562,4774
Portugal,2019-04-19 01:00:00,4270,4556
Portugal,2019-04-19 02:00:00,4119,4443
Portugal,2019-04-19 03:00:00,4040,4386
Portugal,2019-04-19 04:00:00,4033,4386
Portugal,2019-04-19 05:00:00,4048,4334
Portugal,2019-04-19 06:00:00,3999,4409
Portugal,2019-04-19 07:00:00,4398,4760
Portugal,2019-04-19 08:00:00,4875,5151
Portugal,2019-04-19 09:00:00,5147,5422
Portugal,2019-04-19 10:00:00,5299,5603
Portugal,2019-04-19 11:00:00,5321,5682
Portugal,2019-04-19 12:00:00,5206,5603
Portugal,2019-04-19 13:00:00,5164,5481
Portugal,2019-04-19 14:00:00,5074,5336
Portugal,2019-04-19 15:00:00,4964,5266
Portugal,2019-04-19 16:00:00,4941,5216
Portugal,2019-04-19 17:00:00,5044,5298
Portugal,2019-04-19 18:00:00,5451,5569
Portugal,2019-04-19 19:00:00,5904,5982
Portugal,2019-04-19 20:00:00,5919,5950
Portugal,2019-04-19 21:00:00,5617,5558
Portugal,2019-04-19 22:00:00,5180,5171
Portugal,2019-04-19 23:00:00,4780,4757
Portugal,2019-04-20 00:00:00,4345,4476
Portugal,2019-04-20 01:00:00,4064,4248
Portugal,2019-04-20 02:00:00,3913,4151
Portugal,2019-04-20 03:00:00,3833,4109
Portugal,2019-04-20 04:00:00,3833,4103
Portugal,2019-04-20 05:00:00,3833,4050
Portugal,2019-04-20 06:00:00,3791,4157
Portugal,2019-04-20 07:00:00,4178,4554
Portugal,2019-04-20 08:00:00,4744,4896
Portugal,2019-04-20 09:00:00,5006,5097
Portugal,2019-04-20 10:00:00,5148,5221
Portugal,2019-04-20 11:00:00,5183,5306
Portugal,2019-04-20 12:00:00,5032,5207
Portugal,2019-04-20 13:00:00,4936,5113
Portugal,2019-04-20 14:00:00,4898,5043
Portugal,2019-04-20 15:00:00,4789,4949
Portugal,2019-04-20 16:00:00,4761,4887
Portugal,2019-04-20 17:00:00,4898,5014
Portugal,2019-04-20 18:00:00,5306,5215
Portugal,2019-04-20 19:00:00,5785,5526
Portugal,2019-04-20 20:00:00,5785,5486
Portugal,2019-04-20 21:00:00,5417,5139
Portugal,2019-04-20 22:00:00,5042,4739
Portugal,2019-04-20 23:00:00,4988,4336
Portugal,2019-04-21 00:00:00,4458,4027
Portugal,2019-04-21 01:00:00,4118,3818
Portugal,2019-04-21 02:00:00,3936,3695
Portugal,2019-04-21 03:00:00,3833,3643
Portugal,2019-04-21 04:00:00,3808,3638
Portugal,2019-04-21 05:00:00,3821,3544
Portugal,2019-04-21 06:00:00,3662,3576
Portugal,2019-04-21 07:00:00,3938,3944
Portugal,2019-04-21 08:00:00,4433,4377
Portugal,2019-04-21 09:00:00,4844,4779
Portugal,2019-04-21 10:00:00,5083,5005
Portugal,2019-04-21 11:00:00,5020,4918
Portugal,2019-04-21 12:00:00,4631,4452
Portugal,2019-04-21 13:00:00,4381,4170
Portugal,2019-04-21 14:00:00,4309,4071
Portugal,2019-04-21 15:00:00,4199,4006
Portugal,2019-04-21 16:00:00,4161,3995
Portugal,2019-04-21 17:00:00,4246,4096
Portugal,2019-04-21 18:00:00,4502,4302
Portugal,2019-04-21 19:00:00,5249,4784
Portugal,2019-04-21 20:00:00,5645,4939
Portugal,2019-04-21 21:00:00,5525,4756
Portugal,2019-04-21 22:00:00,5140,4458
Portugal,2019-04-21 23:00:00,4403,4259
Portugal,2019-04-22 00:00:00,4043,4066
Portugal,2019-04-22 01:00:00,3792,3867
Portugal,2019-04-22 02:00:00,3668,3859
Portugal,2019-04-22 03:00:00,3623,3894
Portugal,2019-04-22 04:00:00,3681,3970
Portugal,2019-04-22 05:00:00,3882,4053
Portugal,2019-04-22 06:00:00,4048,4356
Portugal,2019-04-22 07:00:00,4725,4871
Portugal,2019-04-22 08:00:00,5360,5212
Portugal,2019-04-22 09:00:00,5664,5373
Portugal,2019-04-22 10:00:00,5833,5502
Portugal,2019-04-22 11:00:00,5785,5560
Portugal,2019-04-22 12:00:00,5656,5440
Portugal,2019-04-22 13:00:00,5704,5456
Portugal,2019-04-22 14:00:00,5624,5471
Portugal,2019-04-22 15:00:00,5523,5490
Portugal,2019-04-22 16:00:00,5377,5498
Portugal,2019-04-22 17:00:00,5342,5564
Portugal,2019-04-22 18:00:00,5480,5838
Portugal,2019-04-22 19:00:00,6049,6172
Portugal,2019-04-22 20:00:00,6238,6065
Portugal,2019-04-22 21:00:00,5936,5700
Portugal,2019-04-22 22:00:00,5342,5155
Portugal,2019-04-22 23:00:00,5114,4776
Portugal,2019-04-23 00:00:00,4713,4522
Portugal,2019-04-23 01:00:00,4467,4381
Portugal,2019-04-23 02:00:00,4351,4313
Portugal,2019-04-23 03:00:00,4307,4282
Portugal,2019-04-23 04:00:00,4369,4375
Portugal,2019-04-23 05:00:00,4577,4635
Portugal,2019-04-23 06:00:00,4995,5218
Portugal,2019-04-23 07:00:00,6182,6053
Portugal,2019-04-23 08:00:00,6784,6418
Portugal,2019-04-23 09:00:00,6920,6508
Portugal,2019-04-23 10:00:00,7072,6669
Portugal,2019-04-23 11:00:00,6730,6568
Portugal,2019-04-23 12:00:00,6641,6416
Portugal,2019-04-23 13:00:00,6923,6557
Portugal,2019-04-23 14:00:00,6905,6475
Portugal,2019-04-23 15:00:00,6816,6476
Portugal,2019-04-23 16:00:00,6544,6293
Portugal,2019-04-23 17:00:00,6300,6231
Portugal,2019-04-23 18:00:00,6250,6430
Portugal,2019-04-23 19:00:00,6511,6775
Portugal,2019-04-23 20:00:00,6775,6718
Portugal,2019-04-23 21:00:00,6389,6212
Portugal,2019-04-23 22:00:00,5737,5632
Portugal,2019-04-23 23:00:00,5114,5177
Portugal,2019-04-24 00:00:00,4713,4862
Portugal,2019-04-24 01:00:00,4467,4708
Portugal,2019-04-24 02:00:00,4351,4657
Portugal,2019-04-24 03:00:00,4307,4654
Portugal,2019-04-24 04:00:00,4369,4729
Portugal,2019-04-24 05:00:00,4577,4883
Portugal,2019-04-24 06:00:00,4995,5464
Portugal,2019-04-24 07:00:00,6182,6303
Portugal,2019-04-24 08:00:00,6784,6630
Portugal,2019-04-24 09:00:00,6920,6721
Portugal,2019-04-24 10:00:00,7072,6851
Portugal,2019-04-24 11:00:00,6730,6664
Portugal,2019-04-24 12:00:00,6641,6617
Portugal,2019-04-24 13:00:00,6923,6739
Portugal,2019-04-24 14:00:00,6905,6760
Portugal,2019-04-24 15:00:00,6816,6747
Portugal,2019-04-24 16:00:00,6544,6609
Portugal,2019-04-24 17:00:00,6300,6553
Portugal,2019-04-24 18:00:00,6250,6704
Portugal,2019-04-24 19:00:00,6511,6884
Portugal,2019-04-24 20:00:00,6775,6717
Portugal,2019-04-24 21:00:00,6389,6250
Portugal,2019-04-24 22:00:00,5737,5665
Portugal,2019-04-24 23:00:00,5015,5177
Portugal,2019-04-25 00:00:00,4624,4860
Portugal,2019-04-25 01:00:00,4322,4639
Portugal,2019-04-25 02:00:00,4169,4519
Portugal,2019-04-25 03:00:00,4095,4478
Portugal,2019-04-25 04:00:00,4083,4448
Portugal,2019-04-25 05:00:00,4025,4269
Portugal,2019-04-25 06:00:00,3891,4361
Portugal,2019-04-25 07:00:00,4224,4760
Portugal,2019-04-25 08:00:00,4651,5179
Portugal,2019-04-25 09:00:00,5010,5482
Portugal,2019-04-25 10:00:00,5259,5720
Portugal,2019-04-25 11:00:00,5329,5813
Portugal,2019-04-25 12:00:00,5151,5646
Portugal,2019-04-25 13:00:00,5015,5451
Portugal,2019-04-25 14:00:00,4881,5389
Portugal,2019-04-25 15:00:00,4744,5327
Portugal,2019-04-25 16:00:00,4703,5306
Portugal,2019-04-25 17:00:00,4787,5466
Portugal,2019-04-25 18:00:00,5008,5751
Portugal,2019-04-25 19:00:00,5525,6178
Portugal,2019-04-25 20:00:00,5854,6211
Portugal,2019-04-25 21:00:00,5556,5794
Portugal,2019-04-25 22:00:00,5129,5274
Portugal,2019-04-25 23:00:00,4595,4837
Portugal,2019-04-26 00:00:00,4152,4578
Portugal,2019-04-26 01:00:00,3903,4371
Portugal,2019-04-26 02:00:00,3820,4302
Portugal,2019-04-26 03:00:00,3765,4310
Portugal,2019-04-26 04:00:00,3875,4373
Portugal,2019-04-26 05:00:00,4125,4529
Portugal,2019-04-26 06:00:00,4457,5066
Portugal,2019-04-26 07:00:00,5675,5817
Portugal,2019-04-26 08:00:00,6423,6123
Portugal,2019-04-26 09:00:00,6561,6168
Portugal,2019-04-26 10:00:00,6672,6240
Portugal,2019-04-26 11:00:00,6478,6129
Portugal,2019-04-26 12:00:00,6256,6056
Portugal,2019-04-26 13:00:00,6589,6119
Portugal,2019-04-26 14:00:00,6616,6077
Portugal,2019-04-26 15:00:00,6506,5957
Portugal,2019-04-26 16:00:00,6229,5833
Portugal,2019-04-26 17:00:00,5924,5780
Portugal,2019-04-26 18:00:00,5841,5924
Portugal,2019-04-26 19:00:00,6035,6268
Portugal,2019-04-26 20:00:00,6589,6318
Portugal,2019-04-26 21:00:00,6173,5904
Portugal,2019-04-26 22:00:00,5694,5419
Portugal,2019-04-26 23:00:00,5335,4943
Portugal,2019-04-27 00:00:00,4913,4608
Portugal,2019-04-27 01:00:00,4615,4425
Portugal,2019-04-27 02:00:00,4445,4307
Portugal,2019-04-27 03:00:00,4371,4262
Portugal,2019-04-27 04:00:00,4371,4260
Portugal,2019-04-27 05:00:00,4350,4200
Portugal,2019-04-27 06:00:00,4356,4383
Portugal,2019-04-27 07:00:00,4874,4777
Portugal,2019-04-27 08:00:00,5429,5116
Portugal,2019-04-27 09:00:00,5686,5305
Portugal,2019-04-27 10:00:00,5833,5383
Portugal,2019-04-27 11:00:00,5804,5426
Portugal,2019-04-27 12:00:00,5597,5302
Portugal,2019-04-27 13:00:00,5545,5204
Portugal,2019-04-27 14:00:00,5479,5089
Portugal,2019-04-27 15:00:00,5317,4993
Portugal,2019-04-27 16:00:00,5217,4959
Portugal,2019-04-27 17:00:00,5259,5070
Portugal,2019-04-27 18:00:00,5429,5243
Portugal,2019-04-27 19:00:00,5893,5639
Portugal,2019-04-27 20:00:00,6223,5722
Portugal,2019-04-27 21:00:00,5909,5370
Portugal,2019-04-27 22:00:00,5469,4986
Portugal,2019-04-27 23:00:00,4960,4631
Portugal,2019-04-28 00:00:00,4501,4348
Portugal,2019-04-28 01:00:00,4199,4166
Portugal,2019-04-28 02:00:00,4033,4041
Portugal,2019-04-28 03:00:00,3954,3983
Portugal,2019-04-28 04:00:00,3944,3975
Portugal,2019-04-28 05:00:00,3898,3851
Portugal,2019-04-28 06:00:00,3734,3912
Portugal,2019-04-28 07:00:00,4017,4189
Portugal,2019-04-28 08:00:00,4485,4532
Portugal,2019-04-28 09:00:00,4883,4829
Portugal,2019-04-28 10:00:00,5140,5086
Portugal,2019-04-28 11:00:00,5203,5169
Portugal,2019-04-28 12:00:00,5002,4989
Portugal,2019-04-28 13:00:00,4838,4837
Portugal,2019-04-28 14:00:00,4684,4703
Portugal,2019-04-28 15:00:00,4553,4610
Portugal,2019-04-28 16:00:00,4518,4604
Portugal,2019-04-28 17:00:00,4635,4723
Portugal,2019-04-28 18:00:00,4871,4940
Portugal,2019-04-28 19:00:00,5428,5359
Portugal,2019-04-28 20:00:00,5884,5510
Portugal,2019-04-28 21:00:00,5692,5233
Portugal,2019-04-28 22:00:00,5229,4853
Portugal,2019-04-28 23:00:00,4661,4514
Portugal,2019-04-29 00:00:00,4260,4261
Portugal,2019-04-29 01:00:00,4073,4147
Portugal,2019-04-29 02:00:00,3984,4116
Portugal,2019-04-29 03:00:00,3945,4107
Portugal,2019-04-29 04:00:00,4043,4214
Portugal,2019-04-29 05:00:00,4385,4430
Portugal,2019-04-29 06:00:00,4875,5049
Portugal,2019-04-29 07:00:00,6160,5768
Portugal,2019-04-29 08:00:00,6870,6088
Portugal,2019-04-29 09:00:00,7083,6173
Portugal,2019-04-29 10:00:00,7265,6301
Portugal,2019-04-29 11:00:00,6914,6150
Portugal,2019-04-29 12:00:00,6798,6094
Portugal,2019-04-29 13:00:00,7158,6219
Portugal,2019-04-29 14:00:00,7161,6241
Portugal,2019-04-29 15:00:00,7060,6247
Portugal,2019-04-29 16:00:00,6787,6060
Portugal,2019-04-29 17:00:00,6487,5979
Portugal,2019-04-29 18:00:00,6424,6112
Portugal,2019-04-29 19:00:00,6706,6355
Portugal,2019-04-29 20:00:00,6980,6386
Portugal,2019-04-29 21:00:00,6570,5943
Portugal,2019-04-29 22:00:00,5851,5412
Portugal,2019-04-29 23:00:00,5125,4958
Portugal,2019-04-30 00:00:00,4719,4702
Portugal,2019-04-30 01:00:00,4461,4553
Portugal,2019-04-30 02:00:00,4372,4485
Portugal,2019-04-30 03:00:00,4316,4459
Portugal,2019-04-30 04:00:00,4384,4516
Portugal,2019-04-30 05:00:00,4526,4638
Portugal,2019-04-30 06:00:00,4992,5246
Portugal,2019-04-30 07:00:00,6187,6022
Portugal,2019-04-30 08:00:00,6797,6242
Portugal,2019-04-30 09:00:00,6946,6264
Portugal,2019-04-30 10:00:00,7085,6341
Portugal,2019-04-30 11:00:00,6735,6209
Portugal,2019-04-30 12:00:00,6599,6171
Portugal,2019-04-30 13:00:00,6880,6295
Portugal,2019-04-30 14:00:00,6865,6220
Portugal,2019-04-30 15:00:00,6768,6153
Portugal,2019-04-30 16:00:00,6504,5936
Portugal,2019-04-30 17:00:00,6284,5826
Portugal,2019-04-30 18:00:00,6273,5978
Portugal,2019-04-30 19:00:00,6456,6214
Portugal,2019-04-30 20:00:00,6794,6275
Portugal,2019-04-30 21:00:00,6430,5861
Portugal,2019-04-30 22:00:00,5783,5350
Portugal,2019-04-30 23:00:00,4833,4923
Portugal,2020-03-28 00:00:00,4769,4722
Portugal,2020-03-28 01:00:00,4498,4434
Portugal,2020-03-28 02:00:00,4314,4251
Portugal,2020-03-28 03:00:00,4200,4129
Portugal,2020-03-28 04:00:00,4154,4091
Portugal,2020-03-28 05:00:00,4094,4037
Portugal,2020-03-28 06:00:00,3965,3830
Portugal,2020-03-28 07:00:00,4033,3933
Portugal,2020-03-28 08:00:00,4349,4187
Portugal,2020-03-28 09:00:00,4677,4469
Portugal,2020-03-28 10:00:00,4960,4683
Portugal,2020-03-28 11:00:00,5250,4884
Portugal,2020-03-28 12:00:00,5424,5098
Portugal,2020-03-28 13:00:00,5322,5002
Portugal,2020-03-28 14:00:00,5124,4831
Portugal,2020-03-28 15:00:00,4989,4724
Portugal,2020-03-28 16:00:00,4928,4608
Portugal,2020-03-28 17:00:00,5048,4685
Portugal,2020-03-28 18:00:00,5425,4962
Portugal,2020-03-28 19:00:00,6052,5837
Portugal,2020-03-28 20:00:00,5974,5904
Portugal,2020-03-28 21:00:00,5551,5426
Portugal,2020-03-28 22:00:00,5255,5053
Portugal,2020-03-28 23:00:00,4879,4731
Portugal,2020-03-29 00:00:00,4492,4433
Portugal,2020-03-29 01:00:00,4265,4135
Portugal,2020-03-29 02:00:00,4101,3966
Portugal,2020-03-29 03:00:00,4032,3858
Portugal,2020-03-29 04:00:00,4025,3821
Portugal,2020-03-29 05:00:00,4030,3823
Portugal,2020-03-29 06:00:00,3966,3661
Portugal,2020-03-29 07:00:00,4174,3744
Portugal,2020-03-29 08:00:00,4509,3983
Portugal,2020-03-29 09:00:00,4822,4356
Portugal,2020-03-29 10:00:00,5093,4785
Portugal,2020-03-29 11:00:00,5159,5109
Portugal,2020-03-29 12:00:00,4963,4986
Portugal,2020-03-29 13:00:00,4795,4708
Portugal,2020-03-29 14:00:00,4659,4554
Portugal,2020-03-29 15:00:00,4554,4372
Portugal,2020-03-29 16:00:00,4587,4357
Portugal,2020-03-29 17:00:00,4767,4509
Portugal,2020-03-29 18:00:00,5189,4904
Portugal,2020-03-29 19:00:00,5637,5631
Portugal,2020-03-29 20:00:00,5524,5423
Portugal,2020-03-29 21:00:00,5349,5082
Portugal,2020-03-29 22:00:00,4950,4749
Portugal,2020-03-29 23:00:00,4511,4468
Portugal,2020-03-30 00:00:00,4240,4187
Portugal,2020-03-30 01:00:00,3942,4009
Portugal,2020-03-30 02:00:00,3848,3911
Portugal,2020-03-30 03:00:00,3858,3886
Portugal,2020-03-30 04:00:00,3998,3928
Portugal,2020-03-30 05:00:00,4080,4189
Portugal,2020-03-30 06:00:00,4404,4385
Portugal,2020-03-30 07:00:00,5114,4982
Portugal,2020-03-30 08:00:00,5394,5394
Portugal,2020-03-30 09:00:00,5469,5656
Portugal,2020-03-30 10:00:00,5666,5888
Portugal,2020-03-30 11:00:00,5745,6007
Portugal,2020-03-30 12:00:00,5698,6036
Portugal,2020-03-30 13:00:00,5820,6080
Portugal,2020-03-30 14:00:00,5676,5975
Portugal,2020-03-30 15:00:00,5623,5956
Portugal,2020-03-30 16:00:00,5557,5828
Portugal,2020-03-30 17:00:00,5763,5911
Portugal,2020-03-30 18:00:00,6310,6294
Portugal,2020-03-30 19:00:00,6310,6652
Portugal,2020-03-30 20:00:00,6017,6287
Portugal,2020-03-30 21:00:00,5814,5784
Portugal,2020-03-30 22:00:00,5003,5335
Portugal,2020-03-30 23:00:00,4553,4920
Portugal,2020-03-31 00:00:00,4301,4628
Portugal,2020-03-31 01:00:00,4143,4428
Portugal,2020-03-31 02:00:00,4067,4226
Portugal,2020-03-31 03:00:00,4053,4235
Portugal,2020-03-31 04:00:00,4091,4272
Portugal,2020-03-31 05:00:00,4137,4445
Portugal,2020-03-31 06:00:00,4511,4630
Portugal,2020-03-31 07:00:00,5112,5278
Portugal,2020-03-31 08:00:00,5377,5716
Portugal,2020-03-31 09:00:00,5481,5998
Portugal,2020-03-31 10:00:00,5574,6303
Portugal,2020-03-31 11:00:00,5559,6370
Portugal,2020-03-31 12:00:00,5584,6306
Portugal,2020-03-31 13:00:00,5596,6308
Portugal,2020-03-31 14:00:00,5460,6159
Portugal,2020-03-31 15:00:00,5358,6099
Portugal,2020-03-31 16:00:00,5281,6046
Portugal,2020-03-31 17:00:00,5545,6060
Portugal,2020-03-31 18:00:00,6148,6383
Portugal,2020-03-31 19:00:00,6019,6881
Portugal,2020-03-31 20:00:00,5619,6522
Portugal,2020-03-31 21:00:00,5304,5995
Portugal,2020-03-31 22:00:00,4854,5484
Portugal,2020-03-31 23:00:00,4770,5005
Portugal,2020-04-01 00:00:00,4548,4722
Portugal,2020-04-01 01:00:00,4313,4474
Portugal,2020-04-01 02:00:00,4158,4348
Portugal,2020-04-01 03:00:00,4233,4288
Portugal,2020-04-01 04:00:00,4314,4326
Portugal,2020-04-01 05:00:00,4513,4485
Portugal,2020-04-01 06:00:00,4742,4645
Portugal,2020-04-01 07:00:00,5343,5239
Portugal,2020-04-01 08:00:00,5811,5568
Portugal,2020-04-01 09:00:00,6055,5789
Portugal,2020-04-01 10:00:00,6363,6081
Portugal,2020-04-01 11:00:00,6505,6207
Portugal,2020-04-01 12:00:00,6482,6223
Portugal,2020-04-01 13:00:00,6414,6321
Portugal,2020-04-01 14:00:00,6158,6177
Portugal,2020-04-01 15:00:00,6054,6103
Portugal,2020-04-01 16:00:00,5949,5959
Portugal,2020-04-01 17:00:00,6062,5967
Portugal,2020-04-01 18:00:00,6502,6362
Portugal,2020-04-01 19:00:00,6888,6846
Portugal,2020-04-01 20:00:00,6634,6507
Portugal,2020-04-01 21:00:00,6297,5963
Portugal,2020-04-01 22:00:00,5318,5492
Portugal,2020-04-01 23:00:00,5033,4978
Portugal,2020-04-02 00:00:00,4759,4689
Portugal,2020-04-02 01:00:00,4472,4427
Portugal,2020-04-02 02:00:00,4349,4333
Portugal,2020-04-02 03:00:00,4188,4296
Portugal,2020-04-02 04:00:00,4275,4321
Portugal,2020-04-02 05:00:00,4456,4468
Portugal,2020-04-02 06:00:00,4675,4665
Portugal,2020-04-02 07:00:00,5198,5199
Portugal,2020-04-02 08:00:00,5310,5496
Portugal,2020-04-02 09:00:00,5455,5645
Portugal,2020-04-02 10:00:00,5695,5819
Portugal,2020-04-02 11:00:00,5817,5852
Portugal,2020-04-02 12:00:00,5882,5774
Portugal,2020-04-02 13:00:00,6015,5752
Portugal,2020-04-02 14:00:00,5911,5588
Portugal,2020-04-02 15:00:00,5810,5554
Portugal,2020-04-02 16:00:00,5709,5523
Portugal,2020-04-02 17:00:00,5818,5518
Portugal,2020-04-02 18:00:00,6243,5892
Portugal,2020-04-02 19:00:00,6617,6519
Portugal,2020-04-02 20:00:00,6372,6293
Portugal,2020-04-02 21:00:00,6045,5825
Portugal,2020-04-02 22:00:00,5026,5344
Portugal,2020-04-02 23:00:00,4846,4913
Portugal,2020-04-03 00:00:00,4596,4576
Portugal,2020-04-03 01:00:00,4441,4300
Portugal,2020-04-03 02:00:00,4351,4243
Portugal,2020-04-03 03:00:00,4339,4224
Portugal,2020-04-03 04:00:00,4367,4276
Portugal,2020-04-03 05:00:00,4377,4413
Portugal,2020-04-03 06:00:00,4867,4563
Portugal,2020-04-03 07:00:00,5535,5157
Portugal,2020-04-03 08:00:00,5849,5363
Portugal,2020-04-03 09:00:00,5964,5469
Portugal,2020-04-03 10:00:00,6065,5635
Portugal,2020-04-03 11:00:00,6050,5685
Portugal,2020-04-03 12:00:00,6076,5597
Portugal,2020-04-03 13:00:00,6090,5624
Portugal,2020-04-03 14:00:00,5941,5517
Portugal,2020-04-03 15:00:00,5830,5441
Portugal,2020-04-03 16:00:00,5719,5278
Portugal,2020-04-03 17:00:00,5839,5295
Portugal,2020-04-03 18:00:00,6308,5633
Portugal,2020-04-03 19:00:00,6720,6253
Portugal,2020-04-03 20:00:00,6450,5990
Portugal,2020-04-03 21:00:00,6089,5579
Portugal,2020-04-03 22:00:00,4791,5085
Portugal,2020-04-03 23:00:00,4450,4681
Portugal,2020-04-04 00:00:00,4249,4405
Portugal,2020-04-04 01:00:00,4144,4208
Portugal,2020-04-04 02:00:00,4090,4093
Portugal,2020-04-04 03:00:00,4019,4017
Portugal,2020-04-04 04:00:00,3863,3926
Portugal,2020-04-04 05:00:00,3935,3977
Portugal,2020-04-04 06:00:00,4190,3892
Portugal,2020-04-04 07:00:00,4460,4145
Portugal,2020-04-04 08:00:00,4683,4405
Portugal,2020-04-04 09:00:00,4883,4630
Portugal,2020-04-04 10:00:00,5080,4969
Portugal,2020-04-04 11:00:00,4999,5240
Portugal,2020-04-04 12:00:00,4836,5188
Portugal,2020-04-04 13:00:00,4717,5068
Portugal,2020-04-04 14:00:00,4626,4946
Portugal,2020-04-04 15:00:00,4689,4863
Portugal,2020-04-04 16:00:00,5019,4887
Portugal,2020-04-04 17:00:00,5761,5049
Portugal,2020-04-04 18:00:00,5871,5429
Portugal,2020-04-04 19:00:00,5436,5894
Portugal,2020-04-04 20:00:00,5060,5639
Portugal,2020-04-04 21:00:00,4797,5241
Portugal,2020-04-04 22:00:00,4616,4840
Portugal,2020-04-04 23:00:00,4518,4514
Portugal,2020-04-05 00:00:00,4249,4212
Portugal,2020-04-05 01:00:00,4062,3968
Portugal,2020-04-05 02:00:00,3956,3906
Portugal,2020-04-05 03:00:00,3914,3843
Portugal,2020-04-05 04:00:00,3895,3813
Portugal,2020-04-05 05:00:00,3777,3802
Portugal,2020-04-05 06:00:00,3831,3672
Portugal,2020-04-05 07:00:00,4087,3846
Portugal,2020-04-05 08:00:00,4453,4175
Portugal,2020-04-05 09:00:00,4898,4566
Portugal,2020-04-05 10:00:00,5197,5127
Portugal,2020-04-05 11:00:00,5107,5478
Portugal,2020-04-05 12:00:00,4835,5364
Portugal,2020-04-05 13:00:00,4656,5185
Portugal,2020-04-05 14:00:00,4484,5016
Portugal,2020-04-05 15:00:00,4471,4911
Portugal,2020-04-05 16:00:00,4629,4875
Portugal,2020-04-05 17:00:00,5068,4947
Portugal,2020-04-05 18:00:00,5670,5253
Portugal,2020-04-05 19:00:00,5560,5750
Portugal,2020-04-05 20:00:00,5201,5539
Portugal,2020-04-05 21:00:00,4925,5161
Portugal,2020-04-05 22:00:00,4673,4787
Portugal,2020-04-05 23:00:00,4492,4482
Portugal,2020-04-06 00:00:00,4215,4201
Portugal,2020-04-06 01:00:00,4055,4038
Portugal,2020-04-06 02:00:00,3966,3936
Portugal,2020-04-06 03:00:00,3946,3899
Portugal,2020-04-06 04:00:00,4038,3954
Portugal,2020-04-06 05:00:00,4280,4141
Portugal,2020-04-06 06:00:00,4554,4316
Portugal,2020-04-06 07:00:00,5111,4868
Portugal,2020-04-06 08:00:00,5498,5230
Portugal,2020-04-06 09:00:00,5759,5480
Portugal,2020-04-06 10:00:00,5986,5778
Portugal,2020-04-06 11:00:00,6074,5924
Portugal,2020-04-06 12:00:00,6139,5914
Portugal,2020-04-06 13:00:00,6148,5927
Portugal,2020-04-06 14:00:00,6057,5874
Portugal,2020-04-06 15:00:00,6017,5870
Portugal,2020-04-06 16:00:00,5923,5745
Portugal,2020-04-06 17:00:00,6051,5745
Portugal,2020-04-06 18:00:00,6477,6054
Portugal,2020-04-06 19:00:00,6699,6389
Portugal,2020-04-06 20:00:00,6311,6060
Portugal,2020-04-06 21:00:00,5927,5625
Portugal,2020-04-06 22:00:00,5125,5106
Portugal,2020-04-06 23:00:00,4904,4695
Portugal,2020-04-07 00:00:00,4622,4459
Portugal,2020-04-07 01:00:00,4409,4264
Portugal,2020-04-07 02:00:00,4275,4175
Portugal,2020-04-07 03:00:00,4243,4129
Portugal,2020-04-07 04:00:00,4288,4140
Portugal,2020-04-07 05:00:00,4448,4260
Portugal,2020-04-07 06:00:00,4683,4402
Portugal,2020-04-07 07:00:00,5214,4945
Portugal,2020-04-07 08:00:00,5508,5270
Portugal,2020-04-07 09:00:00,5736,5411
Portugal,2020-04-07 10:00:00,6002,5627
Portugal,2020-04-07 11:00:00,6117,5772
Portugal,2020-04-07 12:00:00,6158,5694
Portugal,2020-04-07 13:00:00,6179,5651
Portugal,2020-04-07 14:00:00,6067,5528
Portugal,2020-04-07 15:00:00,5986,5476
Portugal,2020-04-07 16:00:00,5870,5381
Portugal,2020-04-07 17:00:00,5925,5342
Portugal,2020-04-07 18:00:00,6367,5677
Portugal,2020-04-07 19:00:00,6696,6187
Portugal,2020-04-07 20:00:00,6335,5907
Portugal,2020-04-07 21:00:00,5934,5418
Portugal,2020-04-07 22:00:00,5379,5037
Portugal,2020-04-07 23:00:00,4787,4653
Portugal,2020-04-08 00:00:00,4543,4387
Portugal,2020-04-08 01:00:00,4365,4195
Portugal,2020-04-08 02:00:00,4244,4106
Portugal,2020-04-08 03:00:00,4204,4064
Portugal,2020-04-08 04:00:00,4214,4069
Portugal,2020-04-08 05:00:00,4350,4217
Portugal,2020-04-08 06:00:00,4588,4329
Portugal,2020-04-08 07:00:00,5079,4915
Portugal,2020-04-08 08:00:00,5393,5169
Portugal,2020-04-08 09:00:00,5588,5313
Portugal,2020-04-08 10:00:00,5841,5531
Portugal,2020-04-08 11:00:00,5958,5586
Portugal,2020-04-08 12:00:00,5934,5507
Portugal,2020-04-08 13:00:00,5932,5596
Portugal,2020-04-08 14:00:00,5869,5537
Portugal,2020-04-08 15:00:00,5827,5512
Portugal,2020-04-08 16:00:00,5724,5393
Portugal,2020-04-08 17:00:00,5772,5411
Portugal,2020-04-08 18:00:00,6155,5724
Portugal,2020-04-08 19:00:00,6442,6124
Portugal,2020-04-08 20:00:00,6108,5848
Portugal,2020-04-08 21:00:00,5766,5403
Portugal,2020-04-08 22:00:00,5202,4967
Portugal,2020-04-08 23:00:00,4743,4542
Portugal,2020-04-09 00:00:00,4503,4302
Portugal,2020-04-09 01:00:00,4384,4121
Portugal,2020-04-09 02:00:00,4273,4033
Portugal,2020-04-09 03:00:00,4234,4062
Portugal,2020-04-09 04:00:00,4219,4095
Portugal,2020-04-09 05:00:00,4180,4219
Portugal,2020-04-09 06:00:00,4336,4289
Portugal,2020-04-09 07:00:00,4732,4817
Portugal,2020-04-09 08:00:00,5130,5114
Portugal,2020-04-09 09:00:00,5476,5371
Portugal,2020-04-09 10:00:00,5686,5649
Portugal,2020-04-09 11:00:00,5765,5762
Portugal,2020-04-09 12:00:00,5722,5761
Portugal,2020-04-09 13:00:00,5659,5735
Portugal,2020-04-09 14:00:00,5589,5596
Portugal,2020-04-09 15:00:00,5534,5511
Portugal,2020-04-09 16:00:00,5470,5368
Portugal,2020-04-09 17:00:00,5542,5380
Portugal,2020-04-09 18:00:00,5840,5638
Portugal,2020-04-09 19:00:00,6145,6040
Portugal,2020-04-09 20:00:00,5928,5767
Portugal,2020-04-09 21:00:00,5635,5249
Portugal,2020-04-09 22:00:00,5186,4809
Portugal,2020-04-09 23:00:00,4768,4481
Portugal,2020-04-10 00:00:00,4447,4240
Portugal,2020-04-10 01:00:00,4227,4086
Portugal,2020-04-10 02:00:00,4178,3951
Portugal,2020-04-10 03:00:00,4174,3892
Portugal,2020-04-10 04:00:00,4225,3868
Portugal,2020-04-10 05:00:00,4366,3822
Portugal,2020-04-10 06:00:00,4566,3727
Portugal,2020-04-10 07:00:00,5100,3978
Portugal,2020-04-10 08:00:00,5286,4240
Portugal,2020-04-10 09:00:00,5394,4491
Portugal,2020-04-10 10:00:00,5539,4838
Portugal,2020-04-10 11:00:00,5573,5199
Portugal,2020-04-10 12:00:00,5515,5081
Portugal,2020-04-10 13:00:00,5496,4837
Portugal,2020-04-10 14:00:00,5397,4700
Portugal,2020-04-10 15:00:00,5313,4555
Portugal,2020-04-10 16:00:00,5204,4562
Portugal,2020-04-10 17:00:00,5247,4682
Portugal,2020-04-10 18:00:00,5664,4973
Portugal,2020-04-10 19:00:00,6096,5497
Portugal,2020-04-10 20:00:00,5856,5293
Portugal,2020-04-10 21:00:00,5539,4901
Portugal,2020-04-10 22:00:00,4966,4545
Portugal,2020-04-10 23:00:00,4371,4232
Portugal,2020-04-11 00:00:00,4087,3980
Portugal,2020-04-11 01:00:00,3876,3809
Portugal,2020-04-11 02:00:00,3793,3702
Portugal,2020-04-11 03:00:00,3739,3637
Portugal,2020-04-11 04:00:00,3705,3647
Portugal,2020-04-11 05:00:00,3668,3628
Portugal,2020-04-11 06:00:00,3589,3532
Portugal,2020-04-11 07:00:00,3744,3766
Portugal,2020-04-11 08:00:00,4051,4033
Portugal,2020-04-11 09:00:00,4443,4294
Portugal,2020-04-11 10:00:00,4952,4613
Portugal,2020-04-11 11:00:00,5282,4900
Portugal,2020-04-11 12:00:00,5215,4800
Portugal,2020-04-11 13:00:00,5027,4683
Portugal,2020-04-11 14:00:00,4874,4558
Portugal,2020-04-11 15:00:00,4760,4443
Portugal,2020-04-11 16:00:00,4728,4461
Portugal,2020-04-11 17:00:00,4819,4565
Portugal,2020-04-11 18:00:00,5114,4858
Portugal,2020-04-11 19:00:00,5516,5388
Portugal,2020-04-11 20:00:00,5366,5117
Portugal,2020-04-11 21:00:00,5085,4703
Portugal,2020-04-11 22:00:00,4493,4343
Portugal,2020-04-11 23:00:00,4078,3997
Portugal,2020-04-12 00:00:00,3813,3702
Portugal,2020-04-12 01:00:00,3616,3496
Portugal,2020-04-12 02:00:00,3538,3387
Portugal,2020-04-12 03:00:00,3488,3332
Portugal,2020-04-12 04:00:00,3456,3336
Portugal,2020-04-12 05:00:00,3422,3275
Portugal,2020-04-12 06:00:00,3349,3153
Portugal,2020-04-12 07:00:00,3493,3360
Portugal,2020-04-12 08:00:00,3780,3770
Portugal,2020-04-12 09:00:00,4145,4369
Portugal,2020-04-12 10:00:00,4530,4987
Portugal,2020-04-12 11:00:00,4817,5189
Portugal,2020-04-12 12:00:00,4815,4609
Portugal,2020-04-12 13:00:00,4640,4099
Portugal,2020-04-12 14:00:00,4497,3952
Portugal,2020-04-12 15:00:00,4390,3816
Portugal,2020-04-12 16:00:00,4361,3781
Portugal,2020-04-12 17:00:00,4446,3903
Portugal,2020-04-12 18:00:00,4721,4178
Portugal,2020-04-12 19:00:00,5096,4759
Portugal,2020-04-12 20:00:00,4957,4710
Portugal,2020-04-12 21:00:00,4694,4424
Portugal,2020-04-12 22:00:00,4693,4179
Portugal,2020-04-12 23:00:00,4294,4011
Portugal,2020-04-13 00:00:00,3987,3796
Portugal,2020-04-13 01:00:00,3819,3668
Portugal,2020-04-13 02:00:00,3721,3594
Portugal,2020-04-13 03:00:00,3679,3557
Portugal,2020-04-13 04:00:00,3598,3596
Portugal,2020-04-13 05:00:00,3624,3668
Portugal,2020-04-13 06:00:00,3533,3719
Portugal,2020-04-13 07:00:00,3969,4113
Portugal,2020-04-13 08:00:00,4344,4345
Portugal,2020-04-13 09:00:00,4596,4567
Portugal,2020-04-13 10:00:00,4953,4823
Portugal,2020-04-13 11:00:00,5285,5095
Portugal,2020-04-13 12:00:00,5195,5033
Portugal,2020-04-13 13:00:00,4963,4993
Portugal,2020-04-13 14:00:00,4801,4857
Portugal,2020-04-13 15:00:00,4671,4897
Portugal,2020-04-13 16:00:00,4682,4891
Portugal,2020-04-13 17:00:00,4793,4944
Portugal,2020-04-13 18:00:00,5112,5266
Portugal,2020-04-13 19:00:00,5557,5707
Portugal,2020-04-13 20:00:00,5417,5570
Portugal,2020-04-13 21:00:00,5123,5137
Portugal,2020-04-13 22:00:00,5064,4732
Portugal,2020-04-13 23:00:00,4756,4382
Portugal,2020-04-14 00:00:00,4507,4112
Portugal,2020-04-14 01:00:00,4327,3884
Portugal,2020-04-14 02:00:00,4243,3869
Portugal,2020-04-14 03:00:00,4201,3860
Portugal,2020-04-14 04:00:00,4242,3921
Portugal,2020-04-14 05:00:00,4336,4078
Portugal,2020-04-14 06:00:00,4533,4249
Portugal,2020-04-14 07:00:00,5067,4893
Portugal,2020-04-14 08:00:00,5369,5129
Portugal,2020-04-14 09:00:00,5508,5249
Portugal,2020-04-14 10:00:00,5705,5440
Portugal,2020-04-14 11:00:00,5766,5515
Portugal,2020-04-14 12:00:00,5706,5487
Portugal,2020-04-14 13:00:00,5650,5466
Portugal,2020-04-14 14:00:00,5592,5372
Portugal,2020-04-14 15:00:00,5512,5354
Portugal,2020-04-14 16:00:00,5459,5245
Portugal,2020-04-14 17:00:00,5454,5274
Portugal,2020-04-14 18:00:00,5749,5554
Portugal,2020-04-14 19:00:00,6081,5977
Portugal,2020-04-14 20:00:00,5806,5712
Portugal,2020-04-14 21:00:00,5462,5264
Portugal,2020-04-14 22:00:00,5330,4818
Portugal,2020-04-14 23:00:00,4793,4509
Portugal,2020-04-15 00:00:00,4529,4274
Portugal,2020-04-15 01:00:00,4299,4105
Portugal,2020-04-15 02:00:00,4189,4023
Portugal,2020-04-15 03:00:00,4146,3976
Portugal,2020-04-15 04:00:00,4174,4053
Portugal,2020-04-15 05:00:00,4313,4128
Portugal,2020-04-15 06:00:00,4533,4312
Portugal,2020-04-15 07:00:00,5010,4930
Portugal,2020-04-15 08:00:00,5314,5255
Portugal,2020-04-15 09:00:00,5478,5433
Portugal,2020-04-15 10:00:00,5632,5697
Portugal,2020-04-15 11:00:00,5675,5785
Portugal,2020-04-15 12:00:00,5609,5733
Portugal,2020-04-15 13:00:00,5560,5718
Portugal,2020-04-15 14:00:00,5434,5617
Portugal,2020-04-15 15:00:00,5390,5551
Portugal,2020-04-15 16:00:00,5341,5449
Portugal,2020-04-15 17:00:00,5370,5440
Portugal,2020-04-15 18:00:00,5748,5708
Portugal,2020-04-15 19:00:00,6254,6117
Portugal,2020-04-15 20:00:00,6091,5879
Portugal,2020-04-15 21:00:00,5772,5450
Portugal,2020-04-15 22:00:00,5168,4976
Portugal,2020-04-15 23:00:00,4709,4620
Portugal,2020-04-16 00:00:00,4479,4364
Portugal,2020-04-16 01:00:00,4275,4166
Portugal,2020-04-16 02:00:00,4180,4083
Portugal,2020-04-16 03:00:00,4128,4085
Portugal,2020-04-16 04:00:00,4170,4103
Portugal,2020-04-16 05:00:00,4270,4202
Portugal,2020-04-16 06:00:00,4522,4383
Portugal,2020-04-16 07:00:00,5058,5003
Portugal,2020-04-16 08:00:00,5397,5321
Portugal,2020-04-16 09:00:00,5517,5499
Portugal,2020-04-16 10:00:00,5687,5728
Portugal,2020-04-16 11:00:00,5758,5825
Portugal,2020-04-16 12:00:00,5758,5794
Portugal,2020-04-16 13:00:00,5719,5712
Portugal,2020-04-16 14:00:00,5631,5677
Portugal,2020-04-16 15:00:00,5532,5612
Portugal,2020-04-16 16:00:00,5454,5572
Portugal,2020-04-16 17:00:00,5485,5615
Portugal,2020-04-16 18:00:00,5786,5840
Portugal,2020-04-16 19:00:00,6121,6183
Portugal,2020-04-16 20:00:00,5904,5958
Portugal,2020-04-16 21:00:00,5575,5510
Portugal,2020-04-16 22:00:00,5013,5060
Portugal,2020-04-16 23:00:00,4709,4679
Portugal,2020-04-17 00:00:00,4479,4418
Portugal,2020-04-17 01:00:00,4275,4207
Portugal,2020-04-17 02:00:00,4180,4114
Portugal,2020-04-17 03:00:00,4128,4068
Portugal,2020-04-17 04:00:00,4177,4119
Portugal,2020-04-17 05:00:00,4270,4204
Portugal,2020-04-17 06:00:00,4522,4386
Portugal,2020-04-17 07:00:00,5058,5005
Portugal,2020-04-17 08:00:00,5397,5274
Portugal,2020-04-17 09:00:00,5516,5470
Portugal,2020-04-17 10:00:00,5724,5680
Portugal,2020-04-17 11:00:00,5825,5698
Portugal,2020-04-17 12:00:00,5815,5587
Portugal,2020-04-17 13:00:00,5776,5492
Portugal,2020-04-17 14:00:00,5669,5352
Portugal,2020-04-17 15:00:00,5560,5326
Portugal,2020-04-17 16:00:00,5434,5141
Portugal,2020-04-17 17:00:00,5453,5166
Portugal,2020-04-17 18:00:00,5709,5480
Portugal,2020-04-17 19:00:00,6038,5929
Portugal,2020-04-17 20:00:00,5811,5724
Portugal,2020-04-17 21:00:00,5434,5318
Portugal,2020-04-17 22:00:00,4889,4892
Portugal,2020-04-17 23:00:00,4463,4566
Portugal,2020-04-18 00:00:00,4249,4258
Portugal,2020-04-18 01:00:00,4078,4024
Portugal,2020-04-18 02:00:00,3960,3960
Portugal,2020-04-18 03:00:00,3908,3903
Portugal,2020-04-18 04:00:00,3884,3894
Portugal,2020-04-18 05:00:00,3817,3815
Portugal,2020-04-18 06:00:00,3770,3782
Portugal,2020-04-18 07:00:00,4019,4020
Portugal,2020-04-18 08:00:00,4365,4319
Portugal,2020-04-18 09:00:00,4620,4503
Portugal,2020-04-18 10:00:00,4906,4734
Portugal,2020-04-18 11:00:00,5162,5039
Portugal,2020-04-18 12:00:00,5074,4938
Portugal,2020-04-18 13:00:00,4870,4739
Portugal,2020-04-18 14:00:00,4761,4575
Portugal,2020-04-18 15:00:00,4688,4464
Portugal,2020-04-18 16:00:00,4743,4452
Portugal,2020-04-18 17:00:00,4858,4551
Portugal,2020-04-18 18:00:00,5150,4927
Portugal,2020-04-18 19:00:00,5558,5465
Portugal,2020-04-18 20:00:00,5413,5357
Portugal,2020-04-18 21:00:00,5107,4959
Portugal,2020-04-18 22:00:00,4760,4554
Portugal,2020-04-18 23:00:00,4438,4226
Portugal,2020-04-19 00:00:00,4134,3997
Portugal,2020-04-19 01:00:00,3955,3810
Portugal,2020-04-19 02:00:00,3888,3722
Portugal,2020-04-19 03:00:00,3850,3661
Portugal,2020-04-19 04:00:00,3828,3646
Portugal,2020-04-19 05:00:00,3773,3556
Portugal,2020-04-19 06:00:00,3716,3463
Portugal,2020-04-19 07:00:00,3938,3665
Portugal,2020-04-19 08:00:00,4270,3946
Portugal,2020-04-19 09:00:00,4714,4301
Portugal,2020-04-19 10:00:00,5224,4708
Portugal,2020-04-19 11:00:00,5459,5043
Portugal,2020-04-19 12:00:00,5322,4794
Portugal,2020-04-19 13:00:00,5151,4483
Portugal,2020-04-19 14:00:00,4988,4295
Portugal,2020-04-19 15:00:00,4893,4196
Portugal,2020-04-19 16:00:00,4878,4225
Portugal,2020-04-19 17:00:00,5014,4341
Portugal,2020-04-19 18:00:00,5405,4657
Portugal,2020-04-19 19:00:00,5714,5188
Portugal,2020-04-19 20:00:00,5453,5144
Portugal,2020-04-19 21:00:00,5162,4843
Portugal,2020-04-19 22:00:00,5052,4433
Portugal,2020-04-19 23:00:00,4310,4133
Portugal,2020-04-20 00:00:00,4066,3954
Portugal,2020-04-20 01:00:00,3897,3823
Portugal,2020-04-20 02:00:00,3798,3716
Portugal,2020-04-20 03:00:00,3807,3715
Portugal,2020-04-20 04:00:00,3914,3782
Portugal,2020-04-20 05:00:00,3991,3938
Portugal,2020-04-20 06:00:00,4189,4188
Portugal,2020-04-20 07:00:00,4705,4863
Portugal,2020-04-20 08:00:00,5058,5254
Portugal,2020-04-20 09:00:00,5320,5367
Portugal,2020-04-20 10:00:00,5595,5539
Portugal,2020-04-20 11:00:00,5743,5769
Portugal,2020-04-20 12:00:00,5740,5741
Portugal,2020-04-20 13:00:00,5736,5786
Portugal,2020-04-20 14:00:00,5708,5721
Portugal,2020-04-20 15:00:00,5687,5708
Portugal,2020-04-20 16:00:00,5582,5590
Portugal,2020-04-20 17:00:00,5589,5497
Portugal,2020-04-20 18:00:00,5878,5787
Portugal,2020-04-20 19:00:00,6167,6089
Portugal,2020-04-20 20:00:00,5893,5891
Portugal,2020-04-20 21:00:00,5565,5439
Portugal,2020-04-20 22:00:00,4987,4888
Portugal,2020-04-20 23:00:00,4522,4588
Portugal,2020-04-21 00:00:00,4337,4337
Portugal,2020-04-21 01:00:00,4168,4161
Portugal,2020-04-21 02:00:00,4076,4081
Portugal,2020-04-21 03:00:00,4045,4055
Portugal,2020-04-21 04:00:00,4114,4092
Portugal,2020-04-21 05:00:00,4171,4192
Portugal,2020-04-21 06:00:00,4381,4416
Portugal,2020-04-21 07:00:00,4901,5064
Portugal,2020-04-21 08:00:00,5235,5381
Portugal,2020-04-21 09:00:00,5446,5496
Portugal,2020-04-21 10:00:00,5710,5676
Portugal,2020-04-21 11:00:00,5862,5740
Portugal,2020-04-21 12:00:00,5839,5630
Portugal,2020-04-21 13:00:00,5795,5628
Portugal,2020-04-21 14:00:00,5767,5459
Portugal,2020-04-21 15:00:00,5746,5401
Portugal,2020-04-21 16:00:00,5639,5270
Portugal,2020-04-21 17:00:00,5647,5310
Portugal,2020-04-21 18:00:00,5939,5645
Portugal,2020-04-21 19:00:00,6210,6044
Portugal,2020-04-21 20:00:00,5932,5907
Portugal,2020-04-21 21:00:00,5622,5487
Portugal,2020-04-21 22:00:00,4979,5020
Portugal,2020-04-21 23:00:00,4624,4636
Portugal,2020-04-22 00:00:00,4357,4352
Portugal,2020-04-22 01:00:00,4198,4182
Portugal,2020-04-22 02:00:00,4100,4087
Portugal,2020-04-22 03:00:00,4062,3950
Portugal,2020-04-22 04:00:00,4109,4082
Portugal,2020-04-22 05:00:00,4206,4131
Portugal,2020-04-22 06:00:00,4441,4425
Portugal,2020-04-22 07:00:00,4941,5036
Portugal,2020-04-22 08:00:00,5186,5391
Portugal,2020-04-22 09:00:00,5333,5469
Portugal,2020-04-22 10:00:00,5521,5649
Portugal,2020-04-22 11:00:00,5565,5700
Portugal,2020-04-22 12:00:00,5512,5579
Portugal,2020-04-22 13:00:00,5558,5581
Portugal,2020-04-22 14:00:00,5521,5443
Portugal,2020-04-22 15:00:00,5471,5379
Portugal,2020-04-22 16:00:00,5385,5264
Portugal,2020-04-22 17:00:00,5455,5263
Portugal,2020-04-22 18:00:00,5794,5557
Portugal,2020-04-22 19:00:00,6066,5931
Portugal,2020-04-22 20:00:00,5783,5857
Portugal,2020-04-22 21:00:00,5463,5449
Portugal,2020-04-22 22:00:00,4806,4971
Portugal,2020-04-22 23:00:00,4624,4580
Portugal,2020-04-23 00:00:00,4357,4342
Portugal,2020-04-23 01:00:00,4198,4180
Portugal,2020-04-23 02:00:00,4100,4086
Portugal,2020-04-23 03:00:00,4062,4052
Portugal,2020-04-23 04:00:00,4109,4097
Portugal,2020-04-23 05:00:00,4206,4124
Portugal,2020-04-23 06:00:00,4441,4366
Portugal,2020-04-23 07:00:00,4941,5007
Portugal,2020-04-23 08:00:00,5186,5260
Portugal,2020-04-23 09:00:00,5333,5329
Portugal,2020-04-23 10:00:00,5521,5494
Portugal,2020-04-23 11:00:00,5565,5625
Portugal,2020-04-23 12:00:00,5512,5481
Portugal,2020-04-23 13:00:00,5558,5492
Portugal,2020-04-23 14:00:00,5521,5344
Portugal,2020-04-23 15:00:00,5471,5296
Portugal,2020-04-23 16:00:00,5385,5172
Portugal,2020-04-23 17:00:00,5455,5163
Portugal,2020-04-23 18:00:00,5794,5422
Portugal,2020-04-23 19:00:00,6066,5784
Portugal,2020-04-23 20:00:00,5783,5736
Portugal,2020-04-23 21:00:00,5463,5340
Portugal,2020-04-23 22:00:00,4888,4926
Portugal,2020-04-23 23:00:00,4658,4568
Portugal,2020-04-24 00:00:00,4411,4294
Portugal,2020-04-24 01:00:00,4187,4143
Portugal,2020-04-24 02:00:00,4142,4050
Portugal,2020-04-24 03:00:00,4105,3996
Portugal,2020-04-24 04:00:00,4210,4016
Portugal,2020-04-24 05:00:00,4296,4079
Portugal,2020-04-24 06:00:00,4343,4332
Portugal,2020-04-24 07:00:00,4897,4937
Portugal,2020-04-24 08:00:00,5322,5155
Portugal,2020-04-24 09:00:00,5583,5268
Portugal,2020-04-24 10:00:00,5687,5425
Portugal,2020-04-24 11:00:00,5595,5462
Portugal,2020-04-24 12:00:00,5451,5348
Portugal,2020-04-24 13:00:00,5318,5332
Portugal,2020-04-24 14:00:00,5108,5314
Portugal,2020-04-24 15:00:00,5094,5275
Portugal,2020-04-24 16:00:00,5021,5154
Portugal,2020-04-24 17:00:00,5141,5155
Portugal,2020-04-24 18:00:00,5584,5387
Portugal,2020-04-24 19:00:00,6020,5656
Portugal,2020-04-24 20:00:00,5840,5607
Portugal,2020-04-24 21:00:00,5555,5200
Portugal,2020-04-24 22:00:00,4816,4787
Portugal,2020-04-24 23:00:00,4418,4452
Portugal,2020-04-25 00:00:00,4151,4189
Portugal,2020-04-25 01:00:00,3921,4003
Portugal,2020-04-25 02:00:00,3839,3908
Portugal,2020-04-25 03:00:00,3803,3848
Portugal,2020-04-25 04:00:00,3762,3811
Portugal,2020-04-25 05:00:00,3647,3663
Portugal,2020-04-25 06:00:00,3482,3661
Portugal,2020-04-25 07:00:00,3716,3904
Portugal,2020-04-25 08:00:00,4005,4198
Portugal,2020-04-25 09:00:00,4331,4460
Portugal,2020-04-25 10:00:00,4738,4764
Portugal,2020-04-25 11:00:00,5036,5022
Portugal,2020-04-25 12:00:00,4856,4894
Portugal,2020-04-25 13:00:00,4602,4711
Portugal,2020-04-25 14:00:00,4412,4574
Portugal,2020-04-25 15:00:00,4332,4490
Portugal,2020-04-25 16:00:00,4340,4434
Portugal,2020-04-25 17:00:00,4514,4497
Portugal,2020-04-25 18:00:00,4930,4882
Portugal,2020-04-25 19:00:00,5449,5292
Portugal,2020-04-25 20:00:00,5396,5248
Portugal,2020-04-25 21:00:00,5081,4849
Portugal,2020-04-25 22:00:00,4510,4528
Portugal,2020-04-25 23:00:00,4186,4225
Portugal,2020-04-26 00:00:00,3973,3979
Portugal,2020-04-26 01:00:00,3799,3783
Portugal,2020-04-26 02:00:00,3723,3679
Portugal,2020-04-26 03:00:00,3656,3549
Portugal,2020-04-26 04:00:00,3658,3628
Portugal,2020-04-26 05:00:00,3520,3510
Portugal,2020-04-26 06:00:00,3473,3481
Portugal,2020-04-26 07:00:00,3714,3681
Portugal,2020-04-26 08:00:00,3997,4023
Portugal,2020-04-26 09:00:00,4345,4391
Portugal,2020-04-26 10:00:00,4769,4889
Portugal,2020-04-26 11:00:00,5012,5173
Portugal,2020-04-26 12:00:00,4748,4919
Portugal,2020-04-26 13:00:00,4462,4617
Portugal,2020-04-26 14:00:00,4277,4443
Portugal,2020-04-26 15:00:00,4219,4322
Portugal,2020-04-26 16:00:00,4233,4349
Portugal,2020-04-26 17:00:00,4397,4447
Portugal,2020-04-26 18:00:00,4733,4721
Portugal,2020-04-26 19:00:00,5193,5198
Portugal,2020-04-26 20:00:00,5138,5214
Portugal,2020-04-26 21:00:00,4873,4857
Portugal,2020-04-26 22:00:00,4411,4484
Portugal,2020-04-26 23:00:00,4114,4245
Portugal,2020-04-27 00:00:00,3950,4021
Portugal,2020-04-27 01:00:00,3805,3854
Portugal,2020-04-27 02:00:00,3726,3765
Portugal,2020-04-27 03:00:00,3722,3750
Portugal,2020-04-27 04:00:00,3829,3794
Portugal,2020-04-27 05:00:00,3966,3867
Portugal,2020-04-27 06:00:00,4292,4196
Portugal,2020-04-27 07:00:00,4906,4919
Portugal,2020-04-27 08:00:00,5255,5237
Portugal,2020-04-27 09:00:00,5375,5371
Portugal,2020-04-27 10:00:00,5560,5567
Portugal,2020-04-27 11:00:00,5752,5642
Portugal,2020-04-27 12:00:00,5744,5531
Portugal,2020-04-27 13:00:00,5750,5554
Portugal,2020-04-27 14:00:00,5699,5424
Portugal,2020-04-27 15:00:00,5698,5374
Portugal,2020-04-27 16:00:00,5564,5245
Portugal,2020-04-27 17:00:00,5602,5224
Portugal,2020-04-27 18:00:00,5951,5511
Portugal,2020-04-27 19:00:00,6233,5862
Portugal,2020-04-27 20:00:00,5935,5784
Portugal,2020-04-27 21:00:00,5575,5358
Portugal,2020-04-27 22:00:00,4831,4921
Portugal,2020-04-27 23:00:00,4541,4548
Portugal,2020-04-28 00:00:00,4301,4281
Portugal,2020-04-28 01:00:00,4149,4086
Portugal,2020-04-28 02:00:00,4087,4027
Portugal,2020-04-28 03:00:00,4055,3985
Portugal,2020-04-28 04:00:00,4136,4018
Portugal,2020-04-28 05:00:00,4221,4021
Portugal,2020-04-28 06:00:00,4521,4302
Portugal,2020-04-28 07:00:00,5107,5004
Portugal,2020-04-28 08:00:00,5397,5256
Portugal,2020-04-28 09:00:00,5518,5370
Portugal,2020-04-28 10:00:00,5682,5582
Portugal,2020-04-28 11:00:00,5721,5693
Portugal,2020-04-28 12:00:00,5652,5581
Portugal,2020-04-28 13:00:00,5598,5567
Portugal,2020-04-28 14:00:00,5450,5430
Portugal,2020-04-28 15:00:00,5376,5353
Portugal,2020-04-28 16:00:00,5268,5250
Portugal,2020-04-28 17:00:00,5365,5262
Portugal,2020-04-28 18:00:00,5699,5550
Portugal,2020-04-28 19:00:00,6047,5904
Portugal,2020-04-28 20:00:00,5845,5844
Portugal,2020-04-28 21:00:00,5557,5384
Portugal,2020-04-28 22:00:00,4839,4960
Portugal,2020-04-28 23:00:00,4540,4550
Portugal,2020-04-29 00:00:00,4300,4296
Portugal,2020-04-29 01:00:00,4147,4148
Portugal,2020-04-29 02:00:00,4085,4064
Portugal,2020-04-29 03:00:00,4053,4044
Portugal,2020-04-29 04:00:00,4135,4079
Portugal,2020-04-29 05:00:00,4220,4134
Portugal,2020-04-29 06:00:00,4520,4423
Portugal,2020-04-29 07:00:00,5105,5111
Portugal,2020-04-29 08:00:00,5395,5435
Portugal,2020-04-29 09:00:00,5516,5601
Portugal,2020-04-29 10:00:00,5679,5789
Portugal,2020-04-29 11:00:00,5719,5833
Portugal,2020-04-29 12:00:00,5650,5703
Portugal,2020-04-29 13:00:00,5596,5703
Portugal,2020-04-29 14:00:00,5448,5615
Portugal,2020-04-29 15:00:00,5374,5592
Portugal,2020-04-29 16:00:00,5266,5477
Portugal,2020-04-29 17:00:00,5363,5419
Portugal,2020-04-29 18:00:00,5697,5707
Portugal,2020-04-29 19:00:00,6081,5919
Portugal,2020-04-29 20:00:00,5879,5890
Portugal,2020-04-29 21:00:00,5555,5446
Portugal,2020-04-29 22:00:00,4789,4963
Portugal,2020-04-29 23:00:00,4572,4584
Portugal,2020-04-30 00:00:00,4334,4302
Portugal,2020-04-30 01:00:00,4190,4187
Portugal,2020-04-30 02:00:00,4076,4095
Portugal,2020-04-30 03:00:00,4056,4035
Portugal,2020-04-30 04:00:00,4146,4087
Portugal,2020-04-30 05:00:00,4234,4148
Portugal,2020-04-30 06:00:00,4502,4442
Portugal,2020-04-30 07:00:00,5112,5063
Portugal,2020-04-30 08:00:00,5377,5338
Portugal,2020-04-30 09:00:00,5469,5470
Portugal,2020-04-30 10:00:00,5623,5655
Portugal,2020-04-30 11:00:00,5708,5710
Portugal,2020-04-30 12:00:00,5605,5563
Portugal,2020-04-30 13:00:00,5542,5527
Portugal,2020-04-30 14:00:00,5378,5417
Portugal,2020-04-30 15:00:00,5275,5458
Portugal,2020-04-30 16:00:00,5267,5379
Portugal,2020-04-30 17:00:00,5388,5345
Portugal,2020-04-30 18:00:00,5694,5585
Portugal,2020-04-30 19:00:00,6051,5858
Portugal,2020-04-30 20:00:00,5899,5730
Portugal,2020-04-30 21:00:00,5562,5351
Portugal,2020-04-30 22:00:00,4753,4915
Portugal,2020-04-30 23:00:00,4437,4521
